-- phpMyAdmin SQL Dump
-- version 4.9.2
-- https://www.phpmyadmin.net/
--
-- Host: 127.0.0.1
-- Generation Time: Mar 25, 2020 at 06:31 PM
-- Server version: 10.4.11-MariaDB
-- PHP Version: 7.2.26

SET SQL_MODE = "NO_AUTO_VALUE_ON_ZERO";
SET AUTOCOMMIT = 0;
START TRANSACTION;
SET time_zone = "+00:00";


/*!40101 SET @OLD_CHARACTER_SET_CLIENT=@@CHARACTER_SET_CLIENT */;
/*!40101 SET @OLD_CHARACTER_SET_RESULTS=@@CHARACTER_SET_RESULTS */;
/*!40101 SET @OLD_COLLATION_CONNECTION=@@COLLATION_CONNECTION */;
/*!40101 SET NAMES utf8mb4 */;

--
-- Database: `simosim_laravel`
--

-- --------------------------------------------------------

--
-- Table structure for table `advertisers`
--

CREATE TABLE `advertisers` (
  `id` bigint(20) UNSIGNED NOT NULL,
  `name` varchar(255) COLLATE utf8mb4_unicode_ci NOT NULL,
  `shopname` varchar(255) COLLATE utf8mb4_unicode_ci NOT NULL,
  `phonenumbers` longtext COLLATE utf8mb4_unicode_ci NOT NULL,
  `contactnumbers` longtext COLLATE utf8mb4_unicode_ci NOT NULL,
  `created_at` timestamp NULL DEFAULT NULL,
  `updated_at` timestamp NULL DEFAULT NULL
) ENGINE=InnoDB DEFAULT CHARSET=utf8mb4 COLLATE=utf8mb4_unicode_ci;

--
-- Dumping data for table `advertisers`
--

INSERT INTO `advertisers` (`id`, `name`, `shopname`, `phonenumbers`, `contactnumbers`, `created_at`, `updated_at`) VALUES
(1, 'Albert', 'May', '[\"09124359585\",\"09124480266\",\"09125384285\",\"09127112567\",\"09128626701\",\"09128340125\"]', '[\"09123382766\",\"09121369940\"]', '2020-03-19 03:57:51', '2020-03-19 03:57:51'),
(2, 'Antwan', 'January', '[\"09122281991\",\"09121460325\",\"09127304883\",\"09125261441\",\"09128777562\",\"09129868174\"]', '[\"09124488444\",\"09122214679\"]', '2020-03-19 03:57:51', '2020-03-19 03:57:51'),
(3, 'Callie', 'May', '[\"09122337209\",\"09128886082\",\"09128628184\",\"09128781332\",\"09126911899\",\"09126886531\"]', '[\"09128682261\",\"09128756077\"]', '2020-03-19 03:57:51', '2020-03-19 03:57:51'),
(4, 'Garrison', 'November', '[\"09129315562\",\"09122249052\",\"09125853622\",\"09127937959\",\"09123618547\",\"09126781781\"]', '[\"09125969556\",\"09128421537\"]', '2020-03-19 03:57:51', '2020-03-19 03:57:51'),
(5, 'Raquel', 'February', '[\"0912203488\",\"09125564972\",\"09122868383\",\"09129077270\",\"09126962222\",\"09121296962\"]', '[\"09126865605\",\"0912515026\"]', '2020-03-19 03:57:51', '2020-03-19 03:57:51'),
(6, 'Nova', 'September', '[\"09123455200\",\"09123885446\",\"09127042638\",\"09122214442\",\"09122545808\",\"09128296628\"]', '[\"09122464708\",\"09128816488\"]', '2020-03-19 03:57:51', '2020-03-19 03:57:51'),
(7, 'Estella', 'October', '[\"0912536140\",\"09123877298\",\"09123386862\",\"09126795743\",\"0912534221\",\"09129768264\"]', '[\"09128449348\",\"09126460841\"]', '2020-03-19 03:57:51', '2020-03-19 03:57:51'),
(8, 'Magnus', 'May', '[\"09129468082\",\"09128480349\",\"0912469956\",\"09125719098\",\"09121559680\",\"09129096783\"]', '[\"09125729277\",\"09123095596\"]', '2020-03-19 03:57:51', '2020-03-19 03:57:51'),
(9, 'Bennie', 'March', '[\"09124524365\",\"09127783209\",\"09124192812\",\"09122496441\",\"0912772475\",\"09122491860\"]', '[\"09126256742\",\"09125787434\"]', '2020-03-19 03:57:51', '2020-03-19 03:57:51'),
(10, 'Aiyana', 'February', '[\"09123895982\",\"09125361257\",\"09124778741\",\"09121063671\",\"09126972880\",\"09121038136\"]', '[\"09127695648\",\"09129183134\"]', '2020-03-19 03:57:51', '2020-03-19 03:57:51');

-- --------------------------------------------------------

--
-- Table structure for table `advertisments`
--

CREATE TABLE `advertisments` (
  `id` bigint(20) UNSIGNED NOT NULL,
  `phonenumber` varchar(255) COLLATE utf8mb4_unicode_ci NOT NULL,
  `location` varchar(255) COLLATE utf8mb4_unicode_ci NOT NULL,
  `text` varchar(255) COLLATE utf8mb4_unicode_ci NOT NULL,
  `price` varchar(255) COLLATE utf8mb4_unicode_ci NOT NULL,
  `secondprice` varchar(255) COLLATE utf8mb4_unicode_ci NOT NULL,
  `operator` varchar(255) COLLATE utf8mb4_unicode_ci NOT NULL,
  `code` varchar(255) COLLATE utf8mb4_unicode_ci NOT NULL,
  `value` varchar(255) COLLATE utf8mb4_unicode_ci NOT NULL,
  `rond` varchar(255) COLLATE utf8mb4_unicode_ci NOT NULL,
  `simstatus` varchar(255) COLLATE utf8mb4_unicode_ci NOT NULL,
  `sale` varchar(255) COLLATE utf8mb4_unicode_ci NOT NULL,
  `published` tinyint(1) NOT NULL,
  `created_at` timestamp NULL DEFAULT NULL,
  `updated_at` timestamp NULL DEFAULT NULL,
  `user_id` int(11) NOT NULL
) ENGINE=InnoDB DEFAULT CHARSET=utf8mb4 COLLATE=utf8mb4_unicode_ci;

--
-- Dumping data for table `advertisments`
--

INSERT INTO `advertisments` (`id`, `phonenumber`, `location`, `text`, `price`, `secondprice`, `operator`, `code`, `value`, `rond`, `simstatus`, `sale`, `published`, `created_at`, `updated_at`, `user_id`) VALUES
(1, '09124821926', 'آذربایجان غربی', 'تکس مورد نظ', '1200000', '1100000', 'همراه اول', '0', 'نقره ای', 'معمولی', 'کارکرده', '', 1, '2020-03-19 03:57:52', '2020-03-19 03:57:52', 2),
(2, '09128937980', 'آذربایجان غربی', 'تکس مورد نظ', '1200000', '1100000', 'همراه اول', '6', 'برنز', 'معمولی', 'کارکرده', '', 1, '2020-03-19 03:57:52', '2020-03-19 03:57:52', 2),
(3, '09128541895', 'آذربایجان غربی', 'تکس مورد نظ', '1200000', '1100000', 'همراه اول', '1', 'طلایی', 'رند', 'تقریبا صفر', '', 1, '2020-03-19 03:57:52', '2020-03-19 03:57:52', 2),
(4, '09124289980', 'آذربایجان غربی', 'تکس مورد نظ', '1200000', '1100000', 'همراه اول', '1', 'برنز', 'نیمه رند', 'صفر', '', 1, '2020-03-19 03:57:52', '2020-03-19 03:57:52', 2),
(5, '09125992087', 'آذربایجان غربی', 'تکس مورد نظ', '1200000', '1100000', 'همراه اول', '5', 'برنز', 'رند', 'تقریبا صفر', '', 1, '2020-03-19 03:57:52', '2020-03-19 03:57:52', 2),
(6, '09124170770', 'آذربایجان غربی', 'تکس مورد نظ', '1200000', '1100000', 'همراه اول', '7', 'برنز', 'نیمه رند', 'تقریبا صفر', '', 1, '2020-03-19 03:57:52', '2020-03-19 03:57:52', 2),
(7, '09121048688', 'آذربایجان غربی', 'تکس مورد نظ', '1200000', '1100000', 'همراه اول', '9', 'طلایی', 'رند', 'تقریبا صفر', '', 1, '2020-03-19 03:57:52', '2020-03-19 03:57:52', 2),
(8, '09124735531', 'آذربایجان غربی', 'تکس مورد نظ', '1200000', '1100000', 'همراه اول', '2', 'طلایی', 'معمولی', 'تقریبا صفر', '', 1, '2020-03-19 03:57:53', '2020-03-19 03:57:53', 2),
(9, '09124811734', 'آذربایجان غربی', 'تکس مورد نظ', '1200000', '1100000', 'همراه اول', '9', 'نقره ای', 'معمولی', 'صفر', '', 1, '2020-03-19 03:57:53', '2020-03-19 03:57:53', 2),
(10, '09126442666', 'آذربایجان غربی', 'تکس مورد نظ', '1200000', '1100000', 'همراه اول', '9', 'طلایی', 'نیمه رند', 'کارکرده', '', 1, '2020-03-19 03:57:53', '2020-03-19 03:57:53', 2),
(11, '09126377739', 'آذربایجان غربی', 'تکس مورد نظ', '1200000', '1100000', 'همراه اول', '8', 'طلایی', 'معمولی', 'کارکرده', '', 1, '2020-03-19 03:57:53', '2020-03-19 03:57:53', 2),
(12, '09121040598', 'آذربایجان غربی', 'تکس مورد نظ', '1200000', '1100000', 'همراه اول', '1', 'طلایی', 'معمولی', 'کارکرده', '', 1, '2020-03-19 03:57:53', '2020-03-19 03:57:53', 2),
(13, '09123394456', 'آذربایجان غربی', 'تکس مورد نظ', '1200000', '1100000', 'همراه اول', '7', 'برنز', 'معمولی', 'کارکرده', '', 1, '2020-03-19 03:57:53', '2020-03-19 03:57:53', 2),
(14, '09129279139', 'آذربایجان غربی', 'تکس مورد نظ', '1200000', '1100000', 'همراه اول', '5', 'برنز', 'نیمه رند', 'تقریبا صفر', '', 1, '2020-03-19 03:57:53', '2020-03-19 03:57:53', 2),
(15, '09126427048', 'آذربایجان غربی', 'تکس مورد نظ', '1200000', '1100000', 'همراه اول', '8', 'برنز', 'رند', 'تقریبا صفر', '', 1, '2020-03-19 03:57:53', '2020-03-19 03:57:53', 2),
(16, '09129426108', 'آذربایجان غربی', 'تکس مورد نظ', '1200000', '1100000', 'همراه اول', '7', 'برنز', 'رند', 'صفر', '', 1, '2020-03-19 03:57:53', '2020-03-19 03:57:53', 2),
(17, '09129823258', 'آذربایجان غربی', 'تکس مورد نظ', '1200000', '1100000', 'همراه اول', '0', 'نقره ای', 'نیمه رند', 'کارکرده', '', 1, '2020-03-19 03:57:53', '2020-03-19 03:57:53', 2),
(18, '09124841810', 'آذربایجان غربی', 'تکس مورد نظ', '1200000', '1100000', 'همراه اول', '6', 'برنز', 'نیمه رند', 'کارکرده', '', 1, '2020-03-19 03:57:53', '2020-03-19 03:57:53', 2),
(19, '09129854133', 'آذربایجان غربی', 'تکس مورد نظ', '1200000', '1100000', 'همراه اول', '1', 'برنز', 'رند', 'صفر', '', 1, '2020-03-19 03:57:53', '2020-03-19 03:57:53', 2),
(20, '09127826084', 'آذربایجان غربی', 'تکس مورد نظ', '1200000', '1100000', 'همراه اول', '7', 'برنز', 'معمولی', 'صفر', '', 1, '2020-03-19 03:57:53', '2020-03-19 03:57:53', 2),
(21, '09129813219', 'آذربایجان غربی', 'تکس مورد نظ', '1200000', '1100000', 'همراه اول', '7', 'برنز', 'نیمه رند', 'کارکرده', '', 1, '2020-03-19 03:57:53', '2020-03-19 03:57:53', 3),
(22, '0912567481', 'آذربایجان غربی', 'تکس مورد نظ', '1200000', '1100000', 'همراه اول', '6', 'طلایی', 'رند', 'تقریبا صفر', '', 1, '2020-03-19 03:57:53', '2020-03-19 03:57:53', 3),
(23, '09123658147', 'آذربایجان غربی', 'تکس مورد نظ', '1200000', '1100000', 'همراه اول', '4', 'نقره ای', 'معمولی', 'صفر', '', 1, '2020-03-19 03:57:53', '2020-03-19 03:57:53', 3),
(24, '09125173176', 'آذربایجان غربی', 'تکس مورد نظ', '1200000', '1100000', 'همراه اول', '1', 'برنز', 'معمولی', 'صفر', '', 1, '2020-03-19 03:57:53', '2020-03-19 03:57:53', 3),
(25, '09125141543', 'آذربایجان غربی', 'تکس مورد نظ', '1200000', '1100000', 'همراه اول', '0', 'برنز', 'رند', 'تقریبا صفر', '', 1, '2020-03-19 03:57:53', '2020-03-19 03:57:53', 3),
(26, '0912433699', 'آذربایجان غربی', 'تکس مورد نظ', '1200000', '1100000', 'همراه اول', '7', 'طلایی', 'معمولی', 'کارکرده', '', 1, '2020-03-19 03:57:53', '2020-03-19 03:57:53', 3),
(27, '09123458163', 'آذربایجان غربی', 'تکس مورد نظ', '1200000', '1100000', 'همراه اول', '3', 'نقره ای', 'نیمه رند', 'کارکرده', '', 1, '2020-03-19 03:57:54', '2020-03-19 03:57:54', 3),
(28, '09129298567', 'آذربایجان غربی', 'تکس مورد نظ', '1200000', '1100000', 'همراه اول', '3', 'طلایی', 'رند', 'تقریبا صفر', '', 1, '2020-03-19 03:57:54', '2020-03-19 03:57:54', 3),
(29, '09126708196', 'آذربایجان غربی', 'تکس مورد نظ', '1200000', '1100000', 'همراه اول', '0', 'طلایی', 'معمولی', 'صفر', '', 1, '2020-03-19 03:57:54', '2020-03-19 03:57:54', 3),
(30, '09127431206', 'آذربایجان غربی', 'تکس مورد نظ', '1200000', '1100000', 'همراه اول', '6', 'برنز', 'رند', 'صفر', '', 1, '2020-03-19 03:57:54', '2020-03-19 03:57:54', 3),
(31, '09129311403', 'آذربایجان غربی', 'تکس مورد نظ', '1200000', '1100000', 'همراه اول', '9', 'طلایی', 'نیمه رند', 'صفر', '', 1, '2020-03-19 03:57:54', '2020-03-19 03:57:54', 3),
(32, '09121747992', 'آذربایجان غربی', 'تکس مورد نظ', '1200000', '1100000', 'همراه اول', '9', 'طلایی', 'معمولی', 'صفر', '', 1, '2020-03-19 03:57:54', '2020-03-19 03:57:54', 3),
(33, '09128504502', 'آذربایجان غربی', 'تکس مورد نظ', '1200000', '1100000', 'همراه اول', '3', 'برنز', 'نیمه رند', 'صفر', '', 1, '2020-03-19 03:57:54', '2020-03-19 03:57:54', 3),
(34, '09122722949', 'آذربایجان غربی', 'تکس مورد نظ', '1200000', '1100000', 'همراه اول', '6', 'برنز', 'رند', 'کارکرده', '', 1, '2020-03-19 03:57:54', '2020-03-19 03:57:54', 3),
(35, '09127938772', 'آذربایجان غربی', 'تکس مورد نظ', '1200000', '1100000', 'همراه اول', '2', 'نقره ای', 'معمولی', 'کارکرده', '', 1, '2020-03-19 03:57:54', '2020-03-19 03:57:54', 3),
(36, '09125573866', 'آذربایجان غربی', 'تکس مورد نظ', '1200000', '1100000', 'همراه اول', '7', 'نقره ای', 'نیمه رند', 'کارکرده', '', 1, '2020-03-19 03:57:54', '2020-03-19 03:57:54', 3),
(37, '0912284068', 'آذربایجان غربی', 'تکس مورد نظ', '1200000', '1100000', 'همراه اول', '0', 'نقره ای', 'نیمه رند', 'کارکرده', '', 1, '2020-03-19 03:57:54', '2020-03-19 03:57:54', 3),
(38, '09127694434', 'آذربایجان غربی', 'تکس مورد نظ', '1200000', '1100000', 'همراه اول', '8', 'نقره ای', 'نیمه رند', 'تقریبا صفر', '', 1, '2020-03-19 03:57:54', '2020-03-19 03:57:54', 3),
(39, '09125397875', 'آذربایجان غربی', 'تکس مورد نظ', '1200000', '1100000', 'همراه اول', '0', 'طلایی', 'رند', 'تقریبا صفر', '', 1, '2020-03-19 03:57:54', '2020-03-19 03:57:54', 3),
(40, '09128173026', 'آذربایجان غربی', 'تکس مورد نظ', '1200000', '1100000', 'همراه اول', '3', 'نقره ای', 'معمولی', 'کارکرده', '', 1, '2020-03-19 03:57:54', '2020-03-19 03:57:54', 3),
(41, '09128408471', 'آذربایجان غربی', 'تکس مورد نظ', '1200000', '1100000', 'همراه اول', '1', 'طلایی', 'رند', 'کارکرده', '', 1, '2020-03-19 03:57:54', '2020-03-19 03:57:54', 4),
(42, '09121343394', 'آذربایجان غربی', 'تکس مورد نظ', '1200000', '1100000', 'همراه اول', '2', 'برنز', 'رند', 'تقریبا صفر', '', 1, '2020-03-19 03:57:54', '2020-03-19 03:57:54', 4),
(43, '09124446184', 'آذربایجان غربی', 'تکس مورد نظ', '1200000', '1100000', 'همراه اول', '3', 'طلایی', 'رند', 'کارکرده', '', 1, '2020-03-19 03:57:54', '2020-03-19 03:57:54', 4),
(44, '09123402545', 'آذربایجان غربی', 'تکس مورد نظ', '1200000', '1100000', 'همراه اول', '6', 'طلایی', 'معمولی', 'کارکرده', '', 1, '2020-03-19 03:57:54', '2020-03-19 03:57:54', 4),
(45, '09128072074', 'آذربایجان غربی', 'تکس مورد نظ', '1200000', '1100000', 'همراه اول', '4', 'نقره ای', 'رند', 'تقریبا صفر', '', 1, '2020-03-19 03:57:54', '2020-03-19 03:57:54', 4),
(46, '09122515027', 'آذربایجان غربی', 'تکس مورد نظ', '1200000', '1100000', 'همراه اول', '7', 'نقره ای', 'معمولی', 'تقریبا صفر', '', 1, '2020-03-19 03:57:54', '2020-03-19 03:57:54', 4),
(47, '09124958947', 'آذربایجان غربی', 'تکس مورد نظ', '1200000', '1100000', 'همراه اول', '9', 'برنز', 'نیمه رند', 'کارکرده', '', 1, '2020-03-19 03:57:54', '2020-03-19 03:57:54', 4),
(48, '09122514434', 'آذربایجان غربی', 'تکس مورد نظ', '1200000', '1100000', 'همراه اول', '8', 'برنز', 'رند', 'تقریبا صفر', '', 1, '2020-03-19 03:57:54', '2020-03-19 03:57:54', 4),
(49, '09121469750', 'آذربایجان غربی', 'تکس مورد نظ', '1200000', '1100000', 'همراه اول', '2', 'برنز', 'نیمه رند', 'تقریبا صفر', '', 1, '2020-03-19 03:57:54', '2020-03-19 03:57:54', 4),
(50, '09126770221', 'آذربایجان غربی', 'تکس مورد نظ', '1200000', '1100000', 'همراه اول', '2', 'طلایی', 'رند', 'کارکرده', '', 1, '2020-03-19 03:57:54', '2020-03-19 03:57:54', 4),
(51, '09121168452', 'آذربایجان غربی', 'تکس مورد نظ', '1200000', '1100000', 'همراه اول', '7', 'طلایی', 'رند', 'تقریبا صفر', '', 1, '2020-03-19 03:57:54', '2020-03-19 03:57:54', 4),
(52, '09124852167', 'آذربایجان غربی', 'تکس مورد نظ', '1200000', '1100000', 'همراه اول', '3', 'طلایی', 'معمولی', 'صفر', '', 1, '2020-03-19 03:57:55', '2020-03-19 03:57:55', 4),
(53, '09128760900', 'آذربایجان غربی', 'تکس مورد نظ', '1200000', '1100000', 'همراه اول', '0', 'طلایی', 'رند', 'صفر', '', 1, '2020-03-19 03:57:55', '2020-03-19 03:57:55', 4),
(54, '09128886251', 'آذربایجان غربی', 'تکس مورد نظ', '1200000', '1100000', 'همراه اول', '5', 'برنز', 'نیمه رند', 'تقریبا صفر', '', 1, '2020-03-19 03:57:55', '2020-03-19 03:57:55', 4),
(55, '09121445307', 'آذربایجان غربی', 'تکس مورد نظ', '1200000', '1100000', 'همراه اول', '4', 'برنز', 'نیمه رند', 'کارکرده', '', 1, '2020-03-19 03:57:55', '2020-03-19 03:57:55', 4),
(56, '09122488722', 'آذربایجان غربی', 'تکس مورد نظ', '1200000', '1100000', 'همراه اول', '1', 'طلایی', 'نیمه رند', 'کارکرده', '', 1, '2020-03-19 03:57:55', '2020-03-19 03:57:55', 4),
(57, '09126701836', 'آذربایجان غربی', 'تکس مورد نظ', '1200000', '1100000', 'همراه اول', '5', 'طلایی', 'نیمه رند', 'صفر', '', 1, '2020-03-19 03:57:55', '2020-03-19 03:57:55', 4),
(58, '09129292612', 'آذربایجان غربی', 'تکس مورد نظ', '1200000', '1100000', 'همراه اول', '0', 'برنز', 'نیمه رند', 'صفر', '', 1, '2020-03-19 03:57:55', '2020-03-19 03:57:55', 4),
(59, '09123587349', 'آذربایجان غربی', 'تکس مورد نظ', '1200000', '1100000', 'همراه اول', '6', 'نقره ای', 'معمولی', 'کارکرده', '', 1, '2020-03-19 03:57:55', '2020-03-19 03:57:55', 4),
(60, '09126431930', 'آذربایجان غربی', 'تکس مورد نظ', '1200000', '1100000', 'همراه اول', '2', 'طلایی', 'رند', 'کارکرده', '', 1, '2020-03-19 03:57:55', '2020-03-19 03:57:55', 4),
(61, '09128890070', 'آذربایجان غربی', 'تکس مورد نظ', '1200000', '1100000', 'همراه اول', '3', 'برنز', 'معمولی', 'صفر', '', 1, '2020-03-19 03:57:55', '2020-03-19 03:57:55', 5),
(62, '09129119969', 'آذربایجان غربی', 'تکس مورد نظ', '1200000', '1100000', 'همراه اول', '0', 'نقره ای', 'رند', 'تقریبا صفر', '', 1, '2020-03-19 03:57:55', '2020-03-19 03:57:55', 5),
(63, '09128298683', 'آذربایجان غربی', 'تکس مورد نظ', '1200000', '1100000', 'همراه اول', '3', 'برنز', 'معمولی', 'صفر', '', 1, '2020-03-19 03:57:55', '2020-03-19 03:57:55', 5),
(64, '09128080159', 'آذربایجان غربی', 'تکس مورد نظ', '1200000', '1100000', 'همراه اول', '9', 'طلایی', 'معمولی', 'تقریبا صفر', '', 1, '2020-03-19 03:57:55', '2020-03-19 03:57:55', 5),
(65, '09128917739', 'آذربایجان غربی', 'تکس مورد نظ', '1200000', '1100000', 'همراه اول', '1', 'برنز', 'رند', 'صفر', '', 1, '2020-03-19 03:57:55', '2020-03-19 03:57:55', 5),
(66, '09126217767', 'آذربایجان غربی', 'تکس مورد نظ', '1200000', '1100000', 'همراه اول', '9', 'طلایی', 'نیمه رند', 'صفر', '', 1, '2020-03-19 03:57:55', '2020-03-19 03:57:55', 5),
(67, '09129806432', 'آذربایجان غربی', 'تکس مورد نظ', '1200000', '1100000', 'همراه اول', '2', 'طلایی', 'معمولی', 'کارکرده', '', 1, '2020-03-19 03:57:55', '2020-03-19 03:57:55', 5),
(68, '09127483947', 'آذربایجان غربی', 'تکس مورد نظ', '1200000', '1100000', 'همراه اول', '3', 'طلایی', 'معمولی', 'تقریبا صفر', '', 1, '2020-03-19 03:57:56', '2020-03-19 03:57:56', 5),
(69, '09128764973', 'آذربایجان غربی', 'تکس مورد نظ', '1200000', '1100000', 'همراه اول', '6', 'برنز', 'معمولی', 'صفر', '', 1, '2020-03-19 03:57:56', '2020-03-19 03:57:56', 5),
(70, '09124697082', 'آذربایجان غربی', 'تکس مورد نظ', '1200000', '1100000', 'همراه اول', '3', 'طلایی', 'رند', 'تقریبا صفر', '', 1, '2020-03-19 03:57:56', '2020-03-19 03:57:56', 5),
(71, '09127953036', 'آذربایجان غربی', 'تکس مورد نظ', '1200000', '1100000', 'همراه اول', '7', 'برنز', 'رند', 'تقریبا صفر', '', 1, '2020-03-19 03:57:56', '2020-03-19 03:57:56', 5),
(72, '09128454759', 'آذربایجان غربی', 'تکس مورد نظ', '1200000', '1100000', 'همراه اول', '9', 'طلایی', 'معمولی', 'تقریبا صفر', '', 1, '2020-03-19 03:57:56', '2020-03-19 03:57:56', 5),
(73, '09126236214', 'آذربایجان غربی', 'تکس مورد نظ', '1200000', '1100000', 'همراه اول', '6', 'برنز', 'نیمه رند', 'صفر', '', 1, '2020-03-19 03:57:56', '2020-03-19 03:57:56', 5),
(74, '09124832504', 'آذربایجان غربی', 'تکس مورد نظ', '1200000', '1100000', 'همراه اول', '8', 'برنز', 'نیمه رند', 'کارکرده', '', 1, '2020-03-19 03:57:56', '2020-03-19 03:57:56', 5),
(75, '09125113199', 'آذربایجان غربی', 'تکس مورد نظ', '1200000', '1100000', 'همراه اول', '6', 'برنز', 'نیمه رند', 'تقریبا صفر', '', 1, '2020-03-19 03:57:56', '2020-03-19 03:57:56', 5),
(76, '09129442730', 'آذربایجان غربی', 'تکس مورد نظ', '1200000', '1100000', 'همراه اول', '9', 'برنز', 'معمولی', 'صفر', '', 1, '2020-03-19 03:57:56', '2020-03-19 03:57:56', 5),
(77, '09127981223', 'آذربایجان غربی', 'تکس مورد نظ', '1200000', '1100000', 'همراه اول', '9', 'طلایی', 'معمولی', 'کارکرده', '', 1, '2020-03-19 03:57:56', '2020-03-19 03:57:56', 5),
(78, '09127479307', 'آذربایجان غربی', 'تکس مورد نظ', '1200000', '1100000', 'همراه اول', '0', 'طلایی', 'نیمه رند', 'صفر', '', 1, '2020-03-19 03:57:56', '2020-03-19 03:57:56', 5),
(79, '09128003016', 'آذربایجان غربی', 'تکس مورد نظ', '1200000', '1100000', 'همراه اول', '6', 'برنز', 'معمولی', 'کارکرده', '', 1, '2020-03-19 03:57:56', '2020-03-19 03:57:56', 5),
(80, '09121542063', 'آذربایجان غربی', 'تکس مورد نظ', '1200000', '1100000', 'همراه اول', '6', 'نقره ای', 'رند', 'تقریبا صفر', '', 1, '2020-03-19 03:57:56', '2020-03-19 03:57:56', 5),
(81, '09129974966', 'آذربایجان غربی', 'تکس مورد نظ', '1200000', '1100000', 'همراه اول', '8', 'نقره ای', 'معمولی', 'صفر', '', 1, '2020-03-19 03:57:56', '2020-03-19 03:57:56', 6),
(82, '09123922238', 'آذربایجان غربی', 'تکس مورد نظ', '1200000', '1100000', 'همراه اول', '5', 'نقره ای', 'رند', 'تقریبا صفر', '', 1, '2020-03-19 03:57:57', '2020-03-19 03:57:57', 6),
(83, '09122865932', 'آذربایجان غربی', 'تکس مورد نظ', '1200000', '1100000', 'همراه اول', '8', 'برنز', 'رند', 'کارکرده', '', 1, '2020-03-19 03:57:57', '2020-03-19 03:57:57', 6),
(84, '09124583573', 'آذربایجان غربی', 'تکس مورد نظ', '1200000', '1100000', 'همراه اول', '7', 'برنز', 'رند', 'تقریبا صفر', '', 1, '2020-03-19 03:57:57', '2020-03-19 03:57:57', 6),
(85, '0912988387', 'آذربایجان غربی', 'تکس مورد نظ', '1200000', '1100000', 'همراه اول', '9', 'نقره ای', 'نیمه رند', 'کارکرده', '', 1, '2020-03-19 03:57:57', '2020-03-19 03:57:57', 6),
(86, '09122401074', 'آذربایجان غربی', 'تکس مورد نظ', '1200000', '1100000', 'همراه اول', '5', 'طلایی', 'رند', 'تقریبا صفر', '', 1, '2020-03-19 03:57:57', '2020-03-19 03:57:57', 6),
(87, '09122685204', 'آذربایجان غربی', 'تکس مورد نظ', '1200000', '1100000', 'همراه اول', '6', 'طلایی', 'رند', 'تقریبا صفر', '', 1, '2020-03-19 03:57:57', '2020-03-19 03:57:57', 6),
(88, '09128265682', 'آذربایجان غربی', 'تکس مورد نظ', '1200000', '1100000', 'همراه اول', '5', 'طلایی', 'نیمه رند', 'صفر', '', 1, '2020-03-19 03:57:57', '2020-03-19 03:57:57', 6),
(89, '09121421304', 'آذربایجان غربی', 'تکس مورد نظ', '1200000', '1100000', 'همراه اول', '5', 'برنز', 'رند', 'صفر', '', 1, '2020-03-19 03:57:57', '2020-03-19 03:57:57', 6),
(90, '09124527260', 'آذربایجان غربی', 'تکس مورد نظ', '1200000', '1100000', 'همراه اول', '8', 'برنز', 'نیمه رند', 'صفر', '', 1, '2020-03-19 03:57:57', '2020-03-19 03:57:57', 6),
(91, '09123572832', 'آذربایجان غربی', 'تکس مورد نظ', '1200000', '1100000', 'همراه اول', '9', 'برنز', 'نیمه رند', 'صفر', '', 1, '2020-03-19 03:57:57', '2020-03-19 03:57:57', 6),
(92, '09122638964', 'آذربایجان غربی', 'تکس مورد نظ', '1200000', '1100000', 'همراه اول', '2', 'نقره ای', 'رند', 'صفر', '', 1, '2020-03-19 03:57:57', '2020-03-19 03:57:57', 6),
(93, '09128266419', 'آذربایجان غربی', 'تکس مورد نظ', '1200000', '1100000', 'همراه اول', '8', 'نقره ای', 'نیمه رند', 'صفر', '', 1, '2020-03-19 03:57:57', '2020-03-19 03:57:57', 6),
(94, '09126373933', 'آذربایجان غربی', 'تکس مورد نظ', '1200000', '1100000', 'همراه اول', '5', 'برنز', 'معمولی', 'کارکرده', '', 1, '2020-03-19 03:57:57', '2020-03-19 03:57:57', 6),
(95, '09121415783', 'آذربایجان غربی', 'تکس مورد نظ', '1200000', '1100000', 'همراه اول', '4', 'نقره ای', 'معمولی', 'صفر', '', 1, '2020-03-19 03:57:57', '2020-03-19 03:57:57', 6),
(96, '09126120105', 'آذربایجان غربی', 'تکس مورد نظ', '1200000', '1100000', 'همراه اول', '2', 'طلایی', 'نیمه رند', 'کارکرده', '', 1, '2020-03-19 03:57:57', '2020-03-19 03:57:57', 6),
(97, '0912892634', 'آذربایجان غربی', 'تکس مورد نظ', '1200000', '1100000', 'همراه اول', '0', 'برنز', 'معمولی', 'صفر', '', 1, '2020-03-19 03:57:57', '2020-03-19 03:57:57', 6),
(98, '09129866343', 'آذربایجان غربی', 'تکس مورد نظ', '1200000', '1100000', 'همراه اول', '4', 'طلایی', 'رند', 'کارکرده', '', 1, '2020-03-19 03:57:57', '2020-03-19 03:57:57', 6),
(99, '09129875906', 'آذربایجان غربی', 'تکس مورد نظ', '1200000', '1100000', 'همراه اول', '8', 'طلایی', 'معمولی', 'تقریبا صفر', '', 1, '2020-03-19 03:57:57', '2020-03-19 03:57:57', 6),
(100, '09127776997', 'آذربایجان غربی', 'تکس مورد نظ', '1200000', '1100000', 'همراه اول', '8', 'طلایی', 'نیمه رند', 'صفر', '', 1, '2020-03-19 03:57:57', '2020-03-19 03:57:57', 6),
(101, '09128042347', 'آذربایجان غربی', 'تکس مورد نظ', '1200000', '1100000', 'همراه اول', '3', 'نقره ای', 'معمولی', 'کارکرده', '', 1, '2020-03-19 03:57:57', '2020-03-19 03:57:57', 7),
(102, '09128857824', 'آذربایجان غربی', 'تکس مورد نظ', '1200000', '1100000', 'همراه اول', '1', 'برنز', 'رند', 'کارکرده', '', 1, '2020-03-19 03:57:57', '2020-03-19 03:57:57', 7),
(103, '09127841472', 'آذربایجان غربی', 'تکس مورد نظ', '1200000', '1100000', 'همراه اول', '6', 'طلایی', 'نیمه رند', 'تقریبا صفر', '', 1, '2020-03-19 03:57:57', '2020-03-19 03:57:57', 7),
(104, '09121113275', 'آذربایجان غربی', 'تکس مورد نظ', '1200000', '1100000', 'همراه اول', '3', 'طلایی', 'معمولی', 'صفر', '', 1, '2020-03-19 03:57:57', '2020-03-19 03:57:57', 7),
(105, '09127009057', 'آذربایجان غربی', 'تکس مورد نظ', '1200000', '1100000', 'همراه اول', '1', 'طلایی', 'معمولی', 'تقریبا صفر', '', 1, '2020-03-19 03:57:57', '2020-03-19 03:57:57', 7),
(106, '09127817838', 'آذربایجان غربی', 'تکس مورد نظ', '1200000', '1100000', 'همراه اول', '9', 'طلایی', 'نیمه رند', 'تقریبا صفر', '', 1, '2020-03-19 03:57:58', '2020-03-19 03:57:58', 7),
(107, '09129653172', 'آذربایجان غربی', 'تکس مورد نظ', '1200000', '1100000', 'همراه اول', '8', 'نقره ای', 'معمولی', 'کارکرده', '', 1, '2020-03-19 03:57:58', '2020-03-19 03:57:58', 7),
(108, '09126415858', 'آذربایجان غربی', 'تکس مورد نظ', '1200000', '1100000', 'همراه اول', '9', 'برنز', 'معمولی', 'تقریبا صفر', '', 1, '2020-03-19 03:57:58', '2020-03-19 03:57:58', 7),
(109, '09126310899', 'آذربایجان غربی', 'تکس مورد نظ', '1200000', '1100000', 'همراه اول', '0', 'نقره ای', 'معمولی', 'صفر', '', 1, '2020-03-19 03:57:58', '2020-03-19 03:57:58', 7),
(110, '09122746665', 'آذربایجان غربی', 'تکس مورد نظ', '1200000', '1100000', 'همراه اول', '6', 'طلایی', 'نیمه رند', 'کارکرده', '', 1, '2020-03-19 03:57:58', '2020-03-19 03:57:58', 7),
(111, '09127284529', 'آذربایجان غربی', 'تکس مورد نظ', '1200000', '1100000', 'همراه اول', '2', 'نقره ای', 'نیمه رند', 'کارکرده', '', 1, '2020-03-19 03:57:58', '2020-03-19 03:57:58', 7),
(112, '09124127787', 'آذربایجان غربی', 'تکس مورد نظ', '1200000', '1100000', 'همراه اول', '0', 'طلایی', 'نیمه رند', 'صفر', '', 1, '2020-03-19 03:57:58', '2020-03-19 03:57:58', 7),
(113, '09127949444', 'آذربایجان غربی', 'تکس مورد نظ', '1200000', '1100000', 'همراه اول', '4', 'طلایی', 'معمولی', 'تقریبا صفر', '', 1, '2020-03-19 03:57:58', '2020-03-19 03:57:58', 7),
(114, '09121724360', 'آذربایجان غربی', 'تکس مورد نظ', '1200000', '1100000', 'همراه اول', '7', 'طلایی', 'نیمه رند', 'تقریبا صفر', '', 1, '2020-03-19 03:57:58', '2020-03-19 03:57:58', 7),
(115, '09125147558', 'آذربایجان غربی', 'تکس مورد نظ', '1200000', '1100000', 'همراه اول', '4', 'طلایی', 'معمولی', 'تقریبا صفر', '', 1, '2020-03-19 03:57:58', '2020-03-19 03:57:58', 7),
(116, '09123538456', 'آذربایجان غربی', 'تکس مورد نظ', '1200000', '1100000', 'همراه اول', '5', 'طلایی', 'نیمه رند', 'کارکرده', '', 1, '2020-03-19 03:57:58', '2020-03-19 03:57:58', 7),
(117, '09128925669', 'آذربایجان غربی', 'تکس مورد نظ', '1200000', '1100000', 'همراه اول', '2', 'طلایی', 'رند', 'تقریبا صفر', '', 1, '2020-03-19 03:57:58', '2020-03-19 03:57:58', 7),
(118, '09121415246', 'آذربایجان غربی', 'تکس مورد نظ', '1200000', '1100000', 'همراه اول', '3', 'برنز', 'نیمه رند', 'کارکرده', '', 1, '2020-03-19 03:57:58', '2020-03-19 03:57:58', 7),
(119, '09128733286', 'آذربایجان غربی', 'تکس مورد نظ', '1200000', '1100000', 'همراه اول', '1', 'نقره ای', 'معمولی', 'صفر', '', 1, '2020-03-19 03:57:58', '2020-03-19 03:57:58', 7),
(120, '09129842475', 'آذربایجان غربی', 'تکس مورد نظ', '1200000', '1100000', 'همراه اول', '3', 'برنز', 'رند', 'کارکرده', '', 1, '2020-03-19 03:57:58', '2020-03-19 03:57:58', 7),
(121, '09128180325', 'آذربایجان غربی', 'تکس مورد نظ', '1200000', '1100000', 'همراه اول', '0', 'برنز', 'نیمه رند', 'صفر', '', 1, '2020-03-19 03:57:59', '2020-03-19 03:57:59', 8),
(122, '09128810901', 'آذربایجان غربی', 'تکس مورد نظ', '1200000', '1100000', 'همراه اول', '3', 'طلایی', 'نیمه رند', 'تقریبا صفر', '', 1, '2020-03-19 03:57:59', '2020-03-19 03:57:59', 8),
(123, '09121038518', 'آذربایجان غربی', 'تکس مورد نظ', '1200000', '1100000', 'همراه اول', '7', 'برنز', 'معمولی', 'کارکرده', '', 1, '2020-03-19 03:57:59', '2020-03-19 03:57:59', 8),
(124, '09124694663', 'آذربایجان غربی', 'تکس مورد نظ', '1200000', '1100000', 'همراه اول', '2', 'برنز', 'رند', 'تقریبا صفر', '', 1, '2020-03-19 03:57:59', '2020-03-19 03:57:59', 8),
(125, '09123724007', 'آذربایجان غربی', 'تکس مورد نظ', '1200000', '1100000', 'همراه اول', '0', 'طلایی', 'نیمه رند', 'تقریبا صفر', '', 1, '2020-03-19 03:57:59', '2020-03-19 03:57:59', 8),
(126, '09127479723', 'آذربایجان غربی', 'تکس مورد نظ', '1200000', '1100000', 'همراه اول', '4', 'برنز', 'معمولی', 'کارکرده', '', 1, '2020-03-19 03:57:59', '2020-03-19 03:57:59', 8),
(127, '09122485654', 'آذربایجان غربی', 'تکس مورد نظ', '1200000', '1100000', 'همراه اول', '7', 'برنز', 'رند', 'صفر', '', 1, '2020-03-19 03:57:59', '2020-03-19 03:57:59', 8),
(128, '0912106545', 'آذربایجان غربی', 'تکس مورد نظ', '1200000', '1100000', 'همراه اول', '4', 'برنز', 'نیمه رند', 'صفر', '', 1, '2020-03-19 03:57:59', '2020-03-19 03:57:59', 8),
(129, '09122646009', 'آذربایجان غربی', 'تکس مورد نظ', '1200000', '1100000', 'همراه اول', '7', 'برنز', 'رند', 'کارکرده', '', 1, '2020-03-19 03:57:59', '2020-03-19 03:57:59', 8),
(130, '09129773956', 'آذربایجان غربی', 'تکس مورد نظ', '1200000', '1100000', 'همراه اول', '2', 'نقره ای', 'نیمه رند', 'تقریبا صفر', '', 1, '2020-03-19 03:57:59', '2020-03-19 03:57:59', 8),
(131, '09127356968', 'آذربایجان غربی', 'تکس مورد نظ', '1200000', '1100000', 'همراه اول', '8', 'نقره ای', 'معمولی', 'کارکرده', '', 1, '2020-03-19 03:57:59', '2020-03-19 03:57:59', 8),
(132, '09122957645', 'آذربایجان غربی', 'تکس مورد نظ', '1200000', '1100000', 'همراه اول', '8', 'نقره ای', 'رند', 'صفر', '', 1, '2020-03-19 03:57:59', '2020-03-19 03:57:59', 8),
(133, '09125243424', 'آذربایجان غربی', 'تکس مورد نظ', '1200000', '1100000', 'همراه اول', '7', 'برنز', 'رند', 'کارکرده', '', 1, '2020-03-19 03:57:59', '2020-03-19 03:57:59', 8),
(134, '09128741804', 'آذربایجان غربی', 'تکس مورد نظ', '1200000', '1100000', 'همراه اول', '3', 'نقره ای', 'معمولی', 'صفر', '', 1, '2020-03-19 03:57:59', '2020-03-19 03:57:59', 8),
(135, '09121143534', 'آذربایجان غربی', 'تکس مورد نظ', '1200000', '1100000', 'همراه اول', '2', 'طلایی', 'نیمه رند', 'کارکرده', '', 1, '2020-03-19 03:57:59', '2020-03-19 03:57:59', 8),
(136, '09128860352', 'آذربایجان غربی', 'تکس مورد نظ', '1200000', '1100000', 'همراه اول', '7', 'نقره ای', 'نیمه رند', 'صفر', '', 1, '2020-03-19 03:57:59', '2020-03-19 03:57:59', 8),
(137, '09123935785', 'آذربایجان غربی', 'تکس مورد نظ', '1200000', '1100000', 'همراه اول', '5', 'برنز', 'رند', 'تقریبا صفر', '', 1, '2020-03-19 03:58:00', '2020-03-19 03:58:00', 8),
(138, '09126264374', 'آذربایجان غربی', 'تکس مورد نظ', '1200000', '1100000', 'همراه اول', '6', 'برنز', 'رند', 'تقریبا صفر', '', 1, '2020-03-19 03:58:00', '2020-03-19 03:58:00', 8),
(139, '09126625959', 'آذربایجان غربی', 'تکس مورد نظ', '1200000', '1100000', 'همراه اول', '7', 'طلایی', 'رند', 'صفر', '', 1, '2020-03-19 03:58:00', '2020-03-19 03:58:00', 8),
(140, '09122913393', 'آذربایجان غربی', 'تکس مورد نظ', '1200000', '1100000', 'همراه اول', '2', 'برنز', 'رند', 'تقریبا صفر', '', 1, '2020-03-19 03:58:00', '2020-03-19 03:58:00', 8),
(141, '09127017226', 'آذربایجان غربی', 'تکس مورد نظ', '1200000', '1100000', 'همراه اول', '1', 'نقره ای', 'معمولی', 'کارکرده', '', 1, '2020-03-19 03:58:00', '2020-03-19 03:58:00', 9),
(142, '09121218548', 'آذربایجان غربی', 'تکس مورد نظ', '1200000', '1100000', 'همراه اول', '1', 'برنز', 'معمولی', 'صفر', '', 1, '2020-03-19 03:58:00', '2020-03-19 03:58:00', 9),
(143, '09121618377', 'آذربایجان غربی', 'تکس مورد نظ', '1200000', '1100000', 'همراه اول', '7', 'نقره ای', 'معمولی', 'تقریبا صفر', '', 1, '2020-03-19 03:58:00', '2020-03-19 03:58:00', 9),
(144, '09129615992', 'آذربایجان غربی', 'تکس مورد نظ', '1200000', '1100000', 'همراه اول', '0', 'طلایی', 'نیمه رند', 'صفر', '', 1, '2020-03-19 03:58:00', '2020-03-19 03:58:00', 9),
(145, '09127229273', 'آذربایجان غربی', 'تکس مورد نظ', '1200000', '1100000', 'همراه اول', '8', 'برنز', 'نیمه رند', 'کارکرده', '', 1, '2020-03-19 03:58:00', '2020-03-19 03:58:00', 9),
(146, '09121260964', 'آذربایجان غربی', 'تکس مورد نظ', '1200000', '1100000', 'همراه اول', '3', 'طلایی', 'معمولی', 'صفر', '', 1, '2020-03-19 03:58:00', '2020-03-19 03:58:00', 9),
(147, '09123958872', 'آذربایجان غربی', 'تکس مورد نظ', '1200000', '1100000', 'همراه اول', '9', 'برنز', 'رند', 'صفر', '', 1, '2020-03-19 03:58:00', '2020-03-19 03:58:00', 9),
(148, '09128748618', 'آذربایجان غربی', 'تکس مورد نظ', '1200000', '1100000', 'همراه اول', '7', 'برنز', 'معمولی', 'تقریبا صفر', '', 1, '2020-03-19 03:58:00', '2020-03-19 03:58:00', 9),
(149, '09127436645', 'آذربایجان غربی', 'تکس مورد نظ', '1200000', '1100000', 'همراه اول', '2', 'طلایی', 'رند', 'تقریبا صفر', '', 1, '2020-03-19 03:58:00', '2020-03-19 03:58:00', 9),
(150, '09126874104', 'آذربایجان غربی', 'تکس مورد نظ', '1200000', '1100000', 'همراه اول', '7', 'طلایی', 'معمولی', 'تقریبا صفر', '', 1, '2020-03-19 03:58:00', '2020-03-19 03:58:00', 9),
(151, '09122857434', 'آذربایجان غربی', 'تکس مورد نظ', '1200000', '1100000', 'همراه اول', '9', 'طلایی', 'رند', 'صفر', '', 1, '2020-03-19 03:58:00', '2020-03-19 03:58:00', 9),
(152, '09124679207', 'آذربایجان غربی', 'تکس مورد نظ', '1200000', '1100000', 'همراه اول', '1', 'طلایی', 'رند', 'صفر', '', 1, '2020-03-19 03:58:00', '2020-03-19 03:58:00', 9),
(153, '09129133042', 'آذربایجان غربی', 'تکس مورد نظ', '1200000', '1100000', 'همراه اول', '9', 'نقره ای', 'رند', 'صفر', '', 1, '2020-03-19 03:58:00', '2020-03-19 03:58:00', 9),
(154, '0912583982', 'آذربایجان غربی', 'تکس مورد نظ', '1200000', '1100000', 'همراه اول', '5', 'نقره ای', 'نیمه رند', 'صفر', '', 1, '2020-03-19 03:58:00', '2020-03-19 03:58:00', 9),
(155, '09122837273', 'آذربایجان غربی', 'تکس مورد نظ', '1200000', '1100000', 'همراه اول', '4', 'برنز', 'معمولی', 'تقریبا صفر', '', 1, '2020-03-19 03:58:00', '2020-03-19 03:58:00', 9),
(156, '09121580589', 'آذربایجان غربی', 'تکس مورد نظ', '1200000', '1100000', 'همراه اول', '2', 'طلایی', 'معمولی', 'تقریبا صفر', '', 1, '2020-03-19 03:58:00', '2020-03-19 03:58:00', 9),
(157, '0912774550', 'آذربایجان غربی', 'تکس مورد نظ', '1200000', '1100000', 'همراه اول', '0', 'نقره ای', 'نیمه رند', 'تقریبا صفر', '', 1, '2020-03-19 03:58:00', '2020-03-19 03:58:00', 9),
(158, '09127626059', 'آذربایجان غربی', 'تکس مورد نظ', '1200000', '1100000', 'همراه اول', '6', 'طلایی', 'معمولی', 'کارکرده', '', 1, '2020-03-19 03:58:00', '2020-03-19 03:58:00', 9),
(159, '09125676627', 'آذربایجان غربی', 'تکس مورد نظ', '1200000', '1100000', 'همراه اول', '5', 'برنز', 'معمولی', 'صفر', '', 1, '2020-03-19 03:58:00', '2020-03-19 03:58:00', 9),
(160, '09123659744', 'آذربایجان غربی', 'تکس مورد نظ', '1200000', '1100000', 'همراه اول', '6', 'نقره ای', 'معمولی', 'صفر', '', 1, '2020-03-19 03:58:00', '2020-03-19 03:58:00', 9),
(161, '09128117710', 'آذربایجان غربی', 'تکس مورد نظ', '1200000', '1100000', 'همراه اول', '0', 'نقره ای', 'رند', 'صفر', '', 1, '2020-03-19 03:58:01', '2020-03-19 03:58:01', 10),
(162, '09121655930', 'آذربایجان غربی', 'تکس مورد نظ', '1200000', '1100000', 'همراه اول', '3', 'طلایی', 'معمولی', 'تقریبا صفر', '', 1, '2020-03-19 03:58:01', '2020-03-19 03:58:01', 10),
(163, '09121713736', 'آذربایجان غربی', 'تکس مورد نظ', '1200000', '1100000', 'همراه اول', '6', 'نقره ای', 'معمولی', 'کارکرده', '', 1, '2020-03-19 03:58:01', '2020-03-19 03:58:01', 10),
(164, '0912596424', 'آذربایجان غربی', 'تکس مورد نظ', '1200000', '1100000', 'همراه اول', '6', 'نقره ای', 'نیمه رند', 'صفر', '', 1, '2020-03-19 03:58:01', '2020-03-19 03:58:01', 10),
(165, '0912266199', 'آذربایجان غربی', 'تکس مورد نظ', '1200000', '1100000', 'همراه اول', '0', 'برنز', 'رند', 'کارکرده', '', 1, '2020-03-19 03:58:01', '2020-03-19 03:58:01', 10),
(166, '09123041153', 'آذربایجان غربی', 'تکس مورد نظ', '1200000', '1100000', 'همراه اول', '0', 'نقره ای', 'معمولی', 'کارکرده', '', 1, '2020-03-19 03:58:01', '2020-03-19 03:58:01', 10),
(167, '09121125081', 'آذربایجان غربی', 'تکس مورد نظ', '1200000', '1100000', 'همراه اول', '1', 'نقره ای', 'معمولی', 'کارکرده', '', 1, '2020-03-19 03:58:01', '2020-03-19 03:58:01', 10),
(168, '09123086644', 'آذربایجان غربی', 'تکس مورد نظ', '1200000', '1100000', 'همراه اول', '0', 'طلایی', 'رند', 'کارکرده', '', 1, '2020-03-19 03:58:01', '2020-03-19 03:58:01', 10),
(169, '09128191710', 'آذربایجان غربی', 'تکس مورد نظ', '1200000', '1100000', 'همراه اول', '3', 'نقره ای', 'رند', 'صفر', '', 1, '2020-03-19 03:58:01', '2020-03-19 03:58:01', 10),
(170, '09126003447', 'آذربایجان غربی', 'تکس مورد نظ', '1200000', '1100000', 'همراه اول', '8', 'نقره ای', 'رند', 'کارکرده', '', 1, '2020-03-19 03:58:01', '2020-03-19 03:58:01', 10),
(171, '09124779372', 'آذربایجان غربی', 'تکس مورد نظ', '1200000', '1100000', 'همراه اول', '4', 'نقره ای', 'رند', 'کارکرده', '', 1, '2020-03-19 03:58:01', '2020-03-19 03:58:01', 10),
(172, '09125612716', 'آذربایجان غربی', 'تکس مورد نظ', '1200000', '1100000', 'همراه اول', '9', 'برنز', 'رند', 'کارکرده', '', 1, '2020-03-19 03:58:01', '2020-03-19 03:58:01', 10),
(173, '0912850869', 'آذربایجان غربی', 'تکس مورد نظ', '1200000', '1100000', 'همراه اول', '3', 'برنز', 'رند', 'تقریبا صفر', '', 1, '2020-03-19 03:58:01', '2020-03-19 03:58:01', 10),
(174, '09125631693', 'آذربایجان غربی', 'تکس مورد نظ', '1200000', '1100000', 'همراه اول', '4', 'نقره ای', 'رند', 'صفر', '', 1, '2020-03-19 03:58:01', '2020-03-19 03:58:01', 10),
(175, '09128596927', 'آذربایجان غربی', 'تکس مورد نظ', '1200000', '1100000', 'همراه اول', '9', 'طلایی', 'معمولی', 'صفر', '', 1, '2020-03-19 03:58:01', '2020-03-19 03:58:01', 10),
(176, '09122194193', 'آذربایجان غربی', 'تکس مورد نظ', '1200000', '1100000', 'همراه اول', '6', 'نقره ای', 'رند', 'صفر', '', 1, '2020-03-19 03:58:01', '2020-03-19 03:58:01', 10),
(177, '0912342015', 'آذربایجان غربی', 'تکس مورد نظ', '1200000', '1100000', 'همراه اول', '5', 'طلایی', 'معمولی', 'تقریبا صفر', '', 1, '2020-03-19 03:58:01', '2020-03-19 03:58:01', 10),
(178, '09127682023', 'آذربایجان غربی', 'تکس مورد نظ', '1200000', '1100000', 'همراه اول', '6', 'برنز', 'رند', 'صفر', '', 1, '2020-03-19 03:58:01', '2020-03-19 03:58:01', 10),
(179, '0912953924', 'آذربایجان غربی', 'تکس مورد نظ', '1200000', '1100000', 'همراه اول', '9', 'برنز', 'نیمه رند', 'کارکرده', '', 1, '2020-03-19 03:58:01', '2020-03-19 03:58:01', 10),
(180, '09123378520', 'آذربایجان غربی', 'تکس مورد نظ', '1200000', '1100000', 'همراه اول', '1', 'نقره ای', 'رند', 'تقریبا صفر', '', 1, '2020-03-19 03:58:01', '2020-03-19 03:58:01', 10),
(181, '09125888847', 'آذربایجان غربی', 'تکس مورد نظ', '1200000', '1100000', 'همراه اول', '9', 'برنز', 'نیمه رند', 'تقریبا صفر', '', 1, '2020-03-19 03:58:01', '2020-03-19 03:58:01', 11),
(182, '09129382573', 'آذربایجان غربی', 'تکس مورد نظ', '1200000', '1100000', 'همراه اول', '2', 'برنز', 'معمولی', 'کارکرده', '', 1, '2020-03-19 03:58:01', '2020-03-19 03:58:01', 11),
(183, '09125215458', 'آذربایجان غربی', 'تکس مورد نظ', '1200000', '1100000', 'همراه اول', '1', 'نقره ای', 'معمولی', 'کارکرده', '', 1, '2020-03-19 03:58:01', '2020-03-19 03:58:01', 11),
(184, '09124142521', 'آذربایجان غربی', 'تکس مورد نظ', '1200000', '1100000', 'همراه اول', '3', 'برنز', 'نیمه رند', 'کارکرده', '', 1, '2020-03-19 03:58:01', '2020-03-19 03:58:01', 11),
(185, '09122283248', 'تهران', 'این برای متن مورد نظرم', '9999999', '999999', 'همراه اول', '2', 'طلایی', 'نیمه رند', 'تقریبا صفر', 'فوری', 1, '2020-03-19 03:58:02', '2020-03-19 18:24:55', 11),
(186, '09124794343', 'آذربایجان غربی', 'تکس مورد نظ', '1200000', '1100000', 'همراه اول', '1', 'طلایی', 'نیمه رند', 'صفر', 'فوری', 1, '2020-03-19 03:58:02', '2020-03-19 17:05:11', 11),
(187, '09121875492', 'آذربایجان غربی', 'تکس مورد نظ', '1200000', '1100000', 'همراه اول', '8', 'برنز', 'رند', 'تقریبا صفر', 'فوری', 1, '2020-03-19 03:58:02', '2020-03-19 17:05:16', 11),
(188, '09127362672', 'آذربایجان غربی', 'تکس مورد نظ', '1200000', '1100000', 'همراه اول', '5', 'نقره ای', 'معمولی', 'تقریبا صفر', 'فوری', 1, '2020-03-19 03:58:02', '2020-03-19 17:05:16', 11),
(189, '09125427563', 'آذربایجان غربی', 'تکس مورد نظ', '1200000', '1100000', 'همراه اول', '5', 'طلایی', 'رند', 'تقریبا صفر', 'فوری', 1, '2020-03-19 03:58:02', '2020-03-19 17:05:21', 11),
(190, '09122280274', 'آذربایجان غربی', 'تکس مورد نظ', '1200000', '1100000', 'همراه اول', '6', 'طلایی', 'معمولی', 'کارکرده', 'فوری', 1, '2020-03-19 03:58:02', '2020-03-19 17:05:22', 11),
(191, '09128278736', 'آذربایجان غربی', 'تکس مورد نظ', '1200000', '1100000', 'همراه اول', '7', 'نقره ای', 'رند', 'کارکرده', 'فوری', 1, '2020-03-19 03:58:02', '2020-03-19 17:05:27', 11),
(192, '09128111333', 'آذربایجان غربی', 'تکس مورد نظ', '1200000', '1100000', 'همراه اول', '9', 'برنز', 'رند', 'تقریبا صفر', 'فوری', 1, '2020-03-19 03:58:02', '2020-03-19 17:05:28', 11),
(193, '09129451406', 'آذربایجان غربی', 'تکس مورد نظ', '1200000', '1100000', 'همراه اول', '5', 'طلایی', 'معمولی', 'صفر', 'فوری', 1, '2020-03-19 03:58:02', '2020-03-19 17:05:33', 11),
(194, '09122406343', 'آذربایجان غربی', 'تکس مورد نظ', '1200000', '1100000', 'همراه اول', '8', 'طلایی', 'نیمه رند', 'تقریبا صفر', 'فوری', 1, '2020-03-19 03:58:02', '2020-03-19 17:05:31', 11),
(195, '0912744151', 'آذربایجان غربی', 'تکس مورد نظ', '1200000', '1100000', 'همراه اول', '3', 'طلایی', 'معمولی', 'کارکرده', 'فوری', 1, '2020-03-19 03:58:02', '2020-03-19 17:05:40', 11),
(196, '09127283529', 'آذربایجان غربی', 'تکس مورد نظ', '1200000', '1100000', 'همراه اول', '9', 'نقره ای', 'رند', 'صفر', 'فوری', 1, '2020-03-19 03:58:02', '2020-03-19 17:05:38', 11),
(197, '09128322782', 'آذربایجان غربی', 'تکس مورد نظ', '1200000', '1100000', 'همراه اول', '9', 'برنز', 'نیمه رند', 'صفر', '', 1, '2020-03-19 03:58:02', '2020-03-19 03:58:02', 11),
(198, '09121522080', 'آذربایجان غربی', 'تکس مورد نظ', '1200000', '1100000', 'همراه اول', '9', 'طلایی', 'معمولی', 'صفر', '', 1, '2020-03-19 03:58:02', '2020-03-19 03:58:02', 11),
(199, '09124542875', 'آذربایجان غربی', 'تکس مورد نظ', '1200000', '1100000', 'همراه اول', '3', 'نقره ای', 'نیمه رند', 'کارکرده', '', 1, '2020-03-19 03:58:02', '2020-03-19 03:58:02', 11),
(200, '09127486032', 'آذربایجان غربی', 'تکس مورد نظ', '1200000', '1100000', 'همراه اول', '7', 'برنز', 'معمولی', 'تقریبا صفر', '', 1, '2020-03-19 03:58:02', '2020-03-19 03:58:02', 11),
(201, '09129999999', 'اصفهان', 'sfsf fs f sf sf s f sfs', '999', '0', 'همراه اول', '9', 'طلایی', 'نیمه رند', 'صفر', '', 1, '2020-03-20 04:41:54', '2020-03-20 04:46:20', 1),
(202, '09129999998', 'اصفهان', 'sfsf fs f sf sf s f sfs', '1000', '0', 'همراه اول', '9', 'طلایی', 'نیمه رند', 'صفر', '', 1, '2020-03-20 04:42:09', '2020-03-20 04:46:07', 1),
(203, '09129999997', 'اصفهان', 'sfsf fs f sf sf s f sfs', '9999', '0', 'همراه اول', '9', 'طلایی', 'نیمه رند', 'صفر', '', 1, '2020-03-20 04:42:29', '2020-03-20 04:46:01', 1),
(204, '09129999996', 'اصفهان', 'sfsf fs f sf sf s f sfs', '10000', '0', 'همراه اول', '9', 'طلایی', 'نیمه رند', 'صفر', '', 1, '2020-03-20 04:42:42', '2020-03-20 04:45:52', 1),
(205, '09129999995', 'اصفهان', 'sfsf fs f sf sf s f sfs', '9999', '0', 'همراه اول', '9', 'طلایی', 'نیمه رند', 'صفر', '', 1, '2020-03-20 04:42:56', '2020-03-20 04:45:42', 1),
(206, '09129999994', 'اصفهان', 'sfsf fs f sf sf s f sfs', '100000', '0', 'همراه اول', '9', 'طلایی', 'نیمه رند', 'صفر', '', 1, '2020-03-20 04:43:06', '2020-03-20 04:45:31', 1),
(207, '09129999993', 'اصفهان', 'sfsf fs f sf sf s f sfs', '99999', '0', 'همراه اول', '9', 'طلایی', 'نیمه رند', 'صفر', '', 1, '2020-03-20 04:43:15', '2020-03-20 04:45:22', 1),
(208, '09129999991', 'البرز', 'sdssfsfsf', '999999', '0', 'همراه اول', '9', 'طلایی', 'نیمه رند', 'کارکرده', '', 1, '2020-03-20 04:47:53', '2020-03-20 04:54:41', 1),
(212, '09129999992', 'البرز', 'xsfsfsfsfsf', '8888', '0', 'همراه اول', '9', 'برنز', 'نیمه رند', 'تقریبا صفر', '', 1, '2020-03-20 04:53:53', '2020-03-20 04:54:44', 1),
(213, '09128888888', 'اصفهان', 'gdg sdg sdg sdg s dgdsg', '999', '0', 'همراه اول', '8', 'برنز', 'معمولی', 'تقریبا صفر', '', 1, '2020-03-20 05:02:38', '2020-03-20 05:04:05', 1),
(214, '09128888887', 'اصفهان', 'gdg sdg sdg sdg s dgdsg', '1000', '0', 'همراه اول', '8', 'نقره ای', 'معمولی', 'تقریبا صفر', '', 1, '2020-03-20 05:02:46', '2020-03-20 05:03:57', 1),
(215, '09128888886', 'اصفهان', 'gdg sdg sdg sdg s dgdsg', '9999', '0', 'همراه اول', '8', 'نقره ای', 'معمولی', 'تقریبا صفر', '', 1, '2020-03-20 05:02:59', '2020-03-20 05:03:54', 1),
(216, '09128888885', 'اصفهان', 'gdg sdg sdg sdg s dgdsg', '10000', '0', 'همراه اول', '8', 'طلایی', 'معمولی', 'تقریبا صفر', '', 1, '2020-03-20 05:03:07', '2020-03-20 05:03:51', 1),
(217, '09128888884', 'اصفهان', 'gdg sdg sdg sdg s dgdsg', '99999', '0', 'همراه اول', '8', 'طلایی', 'معمولی', 'تقریبا صفر', '', 1, '2020-03-20 05:03:14', '2020-03-20 05:03:48', 1),
(218, '09128888883', 'اصفهان', 'gdg sdg sdg sdg s dgdsg', '100000', '0', 'همراه اول', '8', 'طلایی', 'معمولی', 'تقریبا صفر', '', 1, '2020-03-20 05:03:20', '2020-03-20 05:03:46', 1);

-- --------------------------------------------------------

--
-- Table structure for table `failed_jobs`
--

CREATE TABLE `failed_jobs` (
  `id` bigint(20) UNSIGNED NOT NULL,
  `connection` text COLLATE utf8mb4_unicode_ci NOT NULL,
  `queue` text COLLATE utf8mb4_unicode_ci NOT NULL,
  `payload` longtext COLLATE utf8mb4_unicode_ci NOT NULL,
  `exception` longtext COLLATE utf8mb4_unicode_ci NOT NULL,
  `failed_at` timestamp NOT NULL DEFAULT current_timestamp()
) ENGINE=InnoDB DEFAULT CHARSET=utf8mb4 COLLATE=utf8mb4_unicode_ci;

-- --------------------------------------------------------

--
-- Table structure for table `migrations`
--

CREATE TABLE `migrations` (
  `id` int(10) UNSIGNED NOT NULL,
  `migration` varchar(255) COLLATE utf8mb4_unicode_ci NOT NULL,
  `batch` int(11) NOT NULL
) ENGINE=InnoDB DEFAULT CHARSET=utf8mb4 COLLATE=utf8mb4_unicode_ci;

--
-- Dumping data for table `migrations`
--

INSERT INTO `migrations` (`id`, `migration`, `batch`) VALUES
(309, '2014_10_12_000000_create_users_table', 1),
(310, '2014_10_12_100000_create_password_resets_table', 1),
(311, '2019_08_19_000000_create_failed_jobs_table', 1),
(312, '2020_02_25_194209_create_advertisments_table', 1),
(313, '2020_02_26_130446_create_advertisers_table', 1),
(314, '2020_03_08_132440_create_vipadvertisers_table', 1);

-- --------------------------------------------------------

--
-- Table structure for table `password_resets`
--

CREATE TABLE `password_resets` (
  `email` varchar(255) COLLATE utf8mb4_unicode_ci NOT NULL,
  `token` varchar(255) COLLATE utf8mb4_unicode_ci NOT NULL,
  `created_at` timestamp NULL DEFAULT NULL
) ENGINE=InnoDB DEFAULT CHARSET=utf8mb4 COLLATE=utf8mb4_unicode_ci;

-- --------------------------------------------------------

--
-- Table structure for table `users`
--

CREATE TABLE `users` (
  `id` bigint(20) UNSIGNED NOT NULL,
  `name` varchar(255) COLLATE utf8mb4_unicode_ci NOT NULL,
  `phonenumber` varchar(255) COLLATE utf8mb4_unicode_ci NOT NULL,
  `phonenumber_verified_at` timestamp NULL DEFAULT NULL,
  `password` varchar(255) COLLATE utf8mb4_unicode_ci NOT NULL,
  `remember_token` varchar(100) COLLATE utf8mb4_unicode_ci DEFAULT NULL,
  `is_admin` tinyint(1) NOT NULL,
  `active` tinyint(1) NOT NULL,
  `created_at` timestamp NULL DEFAULT NULL,
  `updated_at` timestamp NULL DEFAULT NULL
) ENGINE=InnoDB DEFAULT CHARSET=utf8mb4 COLLATE=utf8mb4_unicode_ci;

--
-- Dumping data for table `users`
--

INSERT INTO `users` (`id`, `name`, `phonenumber`, `phonenumber_verified_at`, `password`, `remember_token`, `is_admin`, `active`, `created_at`, `updated_at`) VALUES
(1, 'admin', '09127170126', NULL, '$2y$10$Lj3kp5SavuQW4KqYO5Q1x.TiT5eurJn5y3kkX4p3zknBgHXPtx7iW', '00000', 1, 1, '2020-03-19 03:57:52', '2020-03-19 03:57:52'),
(2, 'Prof. Olen Reilly', '09357087936', NULL, '$2y$10$92IXUNpkjO0rOQ5byMi.Ye4oKoEa3Ro9llC/.og/at2.uheWG/igi', '4AuQAHxoQj', 0, 1, '2020-03-19 03:57:52', '2020-03-19 15:13:17'),
(3, 'Garrison Kunde I', '09359374492', NULL, '$2y$10$92IXUNpkjO0rOQ5byMi.Ye4oKoEa3Ro9llC/.og/at2.uheWG/igi', 'sht3CXKDlL', 0, 1, '2020-03-19 03:57:52', '2020-03-19 03:57:52'),
(4, 'Jadon Collier', '09356302715', NULL, '$2y$10$92IXUNpkjO0rOQ5byMi.Ye4oKoEa3Ro9llC/.og/at2.uheWG/igi', 'nwvyvZaf7g', 0, 1, '2020-03-19 03:57:52', '2020-03-21 08:41:37'),
(5, 'Cora Ankunding', '09352074055', NULL, '$2y$10$92IXUNpkjO0rOQ5byMi.Ye4oKoEa3Ro9llC/.og/at2.uheWG/igi', 'tFj2YZUDS1', 0, 1, '2020-03-19 03:57:52', '2020-03-19 03:57:52'),
(6, 'Bert Maggio', '09354896140', NULL, '$2y$10$92IXUNpkjO0rOQ5byMi.Ye4oKoEa3Ro9llC/.og/at2.uheWG/igi', 'ttj3jRcjIE', 0, 1, '2020-03-19 03:57:52', '2020-03-19 03:57:52'),
(7, 'Blair Mueller', '09353012890', NULL, '$2y$10$92IXUNpkjO0rOQ5byMi.Ye4oKoEa3Ro9llC/.og/at2.uheWG/igi', 'nDuyxmaMgR', 0, 1, '2020-03-19 03:57:52', '2020-03-19 03:57:52'),
(8, 'Johan Collins DDS', '09353367262', NULL, '$2y$10$92IXUNpkjO0rOQ5byMi.Ye4oKoEa3Ro9llC/.og/at2.uheWG/igi', 'UT9m9w01Nr', 0, 1, '2020-03-19 03:57:52', '2020-03-19 03:57:52'),
(9, 'Isabel Olson', '09351478877', NULL, '$2y$10$92IXUNpkjO0rOQ5byMi.Ye4oKoEa3Ro9llC/.og/at2.uheWG/igi', 'duxVsF7Pf3', 0, 1, '2020-03-19 03:57:52', '2020-03-19 03:57:52'),
(10, 'Deja Bogisich', '09354787851', NULL, '$2y$10$92IXUNpkjO0rOQ5byMi.Ye4oKoEa3Ro9llC/.og/at2.uheWG/igi', '7Ela8464pN', 0, 1, '2020-03-19 03:57:52', '2020-03-19 03:57:52'),
(11, 'Meggie Hoeger', '09359208138', NULL, '$2y$10$92IXUNpkjO0rOQ5byMi.Ye4oKoEa3Ro9llC/.og/at2.uheWG/igi', 'tKoaO5PGjh', 0, 1, '2020-03-19 03:57:52', '2020-03-19 03:57:52');

-- --------------------------------------------------------

--
-- Table structure for table `vipadvertisers`
--

CREATE TABLE `vipadvertisers` (
  `id` bigint(20) UNSIGNED NOT NULL,
  `title` text COLLATE utf8mb4_unicode_ci NOT NULL,
  `advertisername` text COLLATE utf8mb4_unicode_ci NOT NULL,
  `text` text COLLATE utf8mb4_unicode_ci NOT NULL,
  `shopname` text COLLATE utf8mb4_unicode_ci NOT NULL,
  `phonenumbers` longtext CHARACTER SET utf8mb4 COLLATE utf8mb4_bin NOT NULL CHECK (json_valid(`phonenumbers`)),
  `contactnumber` longtext CHARACTER SET utf8mb4 COLLATE utf8mb4_bin NOT NULL CHECK (json_valid(`contactnumber`)),
  `created_at` timestamp NULL DEFAULT NULL,
  `updated_at` timestamp NULL DEFAULT NULL
) ENGINE=InnoDB DEFAULT CHARSET=utf8mb4 COLLATE=utf8mb4_unicode_ci;

--
-- Dumping data for table `vipadvertisers`
--

INSERT INTO `vipadvertisers` (`id`, `title`, `advertisername`, `text`, `shopname`, `phonenumbers`, `contactnumber`, `created_at`, `updated_at`) VALUES
(1, 'بهترین سیمکارتهای همراه اول', 'دکتر عباسی', 'همه نابغه‌اند اما اگر شما نبوغ یک ماهی را با توانایی‌اش ست که یک کودن تمام‌عیار است', 'سارینا', '[\"09121111111\",\"09122222222\",\"09123333333\",\"09124444444\",\"09125555555\",\"09126666666\",\"09127777777\"]', '[\"09129090909\",\"09127170125\"]', '2020-03-19 03:57:52', '2020-03-19 03:57:52');

--
-- Indexes for dumped tables
--

--
-- Indexes for table `advertisers`
--
ALTER TABLE `advertisers`
  ADD PRIMARY KEY (`id`);

--
-- Indexes for table `advertisments`
--
ALTER TABLE `advertisments`
  ADD PRIMARY KEY (`id`),
  ADD UNIQUE KEY `advertisments_phonenumber_unique` (`phonenumber`);

--
-- Indexes for table `failed_jobs`
--
ALTER TABLE `failed_jobs`
  ADD PRIMARY KEY (`id`);

--
-- Indexes for table `migrations`
--
ALTER TABLE `migrations`
  ADD PRIMARY KEY (`id`);

--
-- Indexes for table `password_resets`
--
ALTER TABLE `password_resets`
  ADD KEY `password_resets_email_index` (`email`);

--
-- Indexes for table `users`
--
ALTER TABLE `users`
  ADD PRIMARY KEY (`id`),
  ADD UNIQUE KEY `users_phonenumber_unique` (`phonenumber`);

--
-- Indexes for table `vipadvertisers`
--
ALTER TABLE `vipadvertisers`
  ADD PRIMARY KEY (`id`);

--
-- AUTO_INCREMENT for dumped tables
--

--
-- AUTO_INCREMENT for table `advertisers`
--
ALTER TABLE `advertisers`
  MODIFY `id` bigint(20) UNSIGNED NOT NULL AUTO_INCREMENT, AUTO_INCREMENT=11;

--
-- AUTO_INCREMENT for table `advertisments`
--
ALTER TABLE `advertisments`
  MODIFY `id` bigint(20) UNSIGNED NOT NULL AUTO_INCREMENT, AUTO_INCREMENT=219;

--
-- AUTO_INCREMENT for table `failed_jobs`
--
ALTER TABLE `failed_jobs`
  MODIFY `id` bigint(20) UNSIGNED NOT NULL AUTO_INCREMENT;

--
-- AUTO_INCREMENT for table `migrations`
--
ALTER TABLE `migrations`
  MODIFY `id` int(10) UNSIGNED NOT NULL AUTO_INCREMENT, AUTO_INCREMENT=315;

--
-- AUTO_INCREMENT for table `users`
--
ALTER TABLE `users`
  MODIFY `id` bigint(20) UNSIGNED NOT NULL AUTO_INCREMENT, AUTO_INCREMENT=12;

--
-- AUTO_INCREMENT for table `vipadvertisers`
--
ALTER TABLE `vipadvertisers`
  MODIFY `id` bigint(20) UNSIGNED NOT NULL AUTO_INCREMENT, AUTO_INCREMENT=2;
COMMIT;

/*!40101 SET CHARACTER_SET_CLIENT=@OLD_CHARACTER_SET_CLIENT */;
/*!40101 SET CHARACTER_SET_RESULTS=@OLD_CHARACTER_SET_RESULTS */;
/*!40101 SET COLLATION_CONNECTION=@OLD_COLLATION_CONNECTION */;
