-- phpMyAdmin SQL Dump
-- version 5.0.1
-- https://www.phpmyadmin.net/
--
-- Host: 127.0.0.1
-- Generation Time: Apr 06, 2020 at 08:45 PM
-- Server version: 10.4.11-MariaDB
-- PHP Version: 7.4.3

SET SQL_MODE = "NO_AUTO_VALUE_ON_ZERO";
SET AUTOCOMMIT = 0;
START TRANSACTION;
SET time_zone = "+00:00";


/*!40101 SET @OLD_CHARACTER_SET_CLIENT=@@CHARACTER_SET_CLIENT */;
/*!40101 SET @OLD_CHARACTER_SET_RESULTS=@@CHARACTER_SET_RESULTS */;
/*!40101 SET @OLD_COLLATION_CONNECTION=@@COLLATION_CONNECTION */;
/*!40101 SET NAMES utf8mb4 */;

--
-- Database: `simosim_laravel`
--

-- --------------------------------------------------------

--
-- Table structure for table `advertisers`
--

CREATE TABLE `advertisers` (
  `id` bigint(20) UNSIGNED NOT NULL,
  `name` varchar(255) COLLATE utf8mb4_unicode_ci NOT NULL,
  `shopname` varchar(255) COLLATE utf8mb4_unicode_ci NOT NULL,
  `phonenumbers` longtext COLLATE utf8mb4_unicode_ci NOT NULL,
  `contactnumbers` longtext COLLATE utf8mb4_unicode_ci NOT NULL,
  `created_at` timestamp NULL DEFAULT NULL,
  `updated_at` timestamp NULL DEFAULT NULL
) ENGINE=InnoDB DEFAULT CHARSET=utf8mb4 COLLATE=utf8mb4_unicode_ci;

--
-- Dumping data for table `advertisers`
--

INSERT INTO `advertisers` (`id`, `name`, `shopname`, `phonenumbers`, `contactnumbers`, `created_at`, `updated_at`) VALUES
(1, 'Katrina', 'March', '[\"09122479390\",\"09128982447\",\"09127001674\",\"09121016439\",\"09127540770\",\"09129919822\"]', '[\"09126802546\",\"09124663808\"]', '2020-04-06 11:23:23', '2020-04-06 11:23:23'),
(2, 'Elton', 'June', '[\"09125765166\",\"09125630943\",\"0912947882\",\"09128302347\",\"0912799383\",\"09122630132\"]', '[\"09124187553\",\"09129167562\"]', '2020-04-06 11:23:23', '2020-04-06 11:23:23'),
(3, 'Arnold', 'September', '[\"09127277746\",\"0912100036\",\"09126268741\",\"09128808842\",\"09123862581\",\"09123949632\"]', '[\"09129630602\",\"09128848504\"]', '2020-04-06 11:23:23', '2020-04-06 11:23:23'),
(4, 'Ona', 'August', '[\"09127004276\",\"09124039054\",\"09126819550\",\"09125689255\",\"09127464133\",\"09126812190\"]', '[\"09126088414\",\"0912161820\"]', '2020-04-06 11:23:23', '2020-04-06 11:23:23'),
(5, 'Frank', 'May', '[\"09126420345\",\"09122415543\",\"09123311062\",\"09128120956\",\"09121677855\",\"09125040745\"]', '[\"09129244493\",\"09121950549\"]', '2020-04-06 11:23:23', '2020-04-06 11:23:23'),
(6, 'Jaden', 'April', '[\"09121577307\",\"09126017998\",\"09122598224\",\"09128833806\",\"09121909693\",\"09122501697\"]', '[\"09122932459\",\"09125158778\"]', '2020-04-06 11:23:23', '2020-04-06 11:23:23'),
(7, 'Blanca', 'July', '[\"0912769765\",\"09121460708\",\"09126632711\",\"09127580188\",\"09125877394\",\"09127296585\"]', '[\"0912722624\",\"09122520225\"]', '2020-04-06 11:23:23', '2020-04-06 11:23:23'),
(8, 'Ivy', 'August', '[\"0912179585\",\"09129202584\",\"09129448116\",\"09123112879\",\"09124310354\",\"09127651776\"]', '[\"09128904282\",\"09122828448\"]', '2020-04-06 11:23:23', '2020-04-06 11:23:23'),
(9, 'Trycia', 'May', '[\"09129770958\",\"09122148186\",\"09129812198\",\"09125640572\",\"09121877708\",\"09126180286\"]', '[\"09127275179\",\"09123586614\"]', '2020-04-06 11:23:23', '2020-04-06 11:23:23'),
(10, 'Rosella', 'September', '[\"09123511926\",\"09124749168\",\"09121034067\",\"0912857959\",\"09125606483\",\"09125419411\"]', '[\"09122506330\",\"09126325524\"]', '2020-04-06 11:23:23', '2020-04-06 11:23:23');

-- --------------------------------------------------------

--
-- Table structure for table `advertisments`
--

CREATE TABLE `advertisments` (
  `id` bigint(20) UNSIGNED NOT NULL,
  `phonenumber` varchar(255) COLLATE utf8mb4_unicode_ci NOT NULL,
  `location` varchar(255) COLLATE utf8mb4_unicode_ci NOT NULL,
  `text` varchar(255) COLLATE utf8mb4_unicode_ci NOT NULL,
  `price` varchar(255) COLLATE utf8mb4_unicode_ci NOT NULL,
  `secondprice` varchar(255) COLLATE utf8mb4_unicode_ci NOT NULL,
  `operator` varchar(255) COLLATE utf8mb4_unicode_ci NOT NULL,
  `code` varchar(255) COLLATE utf8mb4_unicode_ci NOT NULL,
  `value` varchar(255) COLLATE utf8mb4_unicode_ci NOT NULL,
  `rond` varchar(255) COLLATE utf8mb4_unicode_ci NOT NULL,
  `simstatus` varchar(255) COLLATE utf8mb4_unicode_ci NOT NULL,
  `sale` varchar(255) COLLATE utf8mb4_unicode_ci NOT NULL,
  `published` tinyint(1) NOT NULL,
  `sold` tinyint(1) NOT NULL,
  `created_at` timestamp NULL DEFAULT NULL,
  `updated_at` timestamp NULL DEFAULT NULL,
  `user_id` int(11) NOT NULL
) ENGINE=InnoDB DEFAULT CHARSET=utf8mb4 COLLATE=utf8mb4_unicode_ci;

--
-- Dumping data for table `advertisments`
--

INSERT INTO `advertisments` (`id`, `phonenumber`, `location`, `text`, `price`, `secondprice`, `operator`, `code`, `value`, `rond`, `simstatus`, `sale`, `published`, `sold`, `created_at`, `updated_at`, `user_id`) VALUES
(1, '09123771305', 'آذربایجان غربی', 'تکس مورد نظ', '1200000', '1100000', 'همراه اول', '0', 'نقره ای', 'نیمه رند', 'کارکرده', '', 1, 0, '2020-04-06 11:23:25', '2020-04-06 11:23:25', 2),
(2, '09124039681', 'آذربایجان غربی', 'تکس مورد نظ', '1200000', '1100000', 'همراه اول', '3', 'نقره ای', 'نیمه رند', 'کارکرده', '', 1, 0, '2020-04-06 11:23:25', '2020-04-06 11:23:25', 2),
(3, '09123304551', 'آذربایجان غربی', 'تکس مورد نظ', '1200000', '1100000', 'همراه اول', '9', 'نقره ای', 'رند', 'تقریبا صفر', '', 1, 0, '2020-04-06 11:23:25', '2020-04-06 11:23:25', 2),
(4, '09127570618', 'آذربایجان غربی', 'تکس مورد نظ', '1200000', '1100000', 'همراه اول', '5', 'طلایی', 'معمولی', 'کارکرده', '', 1, 0, '2020-04-06 11:23:25', '2020-04-06 11:23:25', 2),
(5, '09127268116', 'آذربایجان غربی', 'تکس مورد نظ', '1200000', '1100000', 'همراه اول', '3', 'برنز', 'نیمه رند', 'کارکرده', '', 1, 0, '2020-04-06 11:23:25', '2020-04-06 11:23:25', 2),
(6, '09128574276', 'آذربایجان غربی', 'تکس مورد نظ', '1200000', '1100000', 'همراه اول', '7', 'طلایی', 'رند', 'صفر', '', 1, 0, '2020-04-06 11:23:25', '2020-04-06 11:23:25', 2),
(7, '09121793433', 'آذربایجان غربی', 'تکس مورد نظ', '1200000', '1100000', 'همراه اول', '9', 'طلایی', 'معمولی', 'صفر', '', 1, 0, '2020-04-06 11:23:25', '2020-04-06 11:23:25', 2),
(8, '09128422199', 'آذربایجان غربی', 'تکس مورد نظ', '1200000', '1100000', 'همراه اول', '0', 'برنز', 'رند', 'صفر', '', 1, 0, '2020-04-06 11:23:25', '2020-04-06 11:23:25', 2),
(9, '09129460818', 'آذربایجان غربی', 'تکس مورد نظ', '1200000', '1100000', 'همراه اول', '3', 'برنز', 'نیمه رند', 'کارکرده', '', 1, 0, '2020-04-06 11:23:25', '2020-04-06 11:23:25', 2),
(10, '09124395074', 'آذربایجان غربی', 'تکس مورد نظ', '1200000', '1100000', 'همراه اول', '0', 'برنز', 'معمولی', 'کارکرده', '', 1, 0, '2020-04-06 11:23:25', '2020-04-06 11:23:25', 2),
(11, '09127982855', 'آذربایجان غربی', 'تکس مورد نظ', '1200000', '1100000', 'همراه اول', '3', 'برنز', 'نیمه رند', 'صفر', '', 1, 0, '2020-04-06 11:23:25', '2020-04-06 11:23:25', 2),
(12, '09129820657', 'آذربایجان غربی', 'تکس مورد نظ', '1200000', '1100000', 'همراه اول', '3', 'برنز', 'نیمه رند', 'کارکرده', '', 1, 0, '2020-04-06 11:23:25', '2020-04-06 11:23:25', 2),
(13, '09121110893', 'آذربایجان غربی', 'تکس مورد نظ', '1200000', '1100000', 'همراه اول', '4', 'برنز', 'نیمه رند', 'صفر', '', 1, 0, '2020-04-06 11:23:25', '2020-04-06 11:23:25', 2),
(14, '09127309245', 'آذربایجان غربی', 'تکس مورد نظ', '1200000', '1100000', 'همراه اول', '9', 'نقره ای', 'معمولی', 'کارکرده', '', 1, 0, '2020-04-06 11:23:25', '2020-04-06 11:23:25', 2),
(15, '09122589626', 'آذربایجان غربی', 'تکس مورد نظ', '1200000', '1100000', 'همراه اول', '4', 'طلایی', 'نیمه رند', 'کارکرده', '', 1, 0, '2020-04-06 11:23:25', '2020-04-06 11:23:25', 2),
(16, '09121626889', 'آذربایجان غربی', 'تکس مورد نظ', '1200000', '1100000', 'همراه اول', '8', 'نقره ای', 'نیمه رند', 'کارکرده', '', 1, 0, '2020-04-06 11:23:25', '2020-04-06 11:23:25', 2),
(17, '09123141788', 'آذربایجان غربی', 'تکس مورد نظ', '1200000', '1100000', 'همراه اول', '2', 'طلایی', 'نیمه رند', 'کارکرده', '', 1, 0, '2020-04-06 11:23:26', '2020-04-06 11:23:26', 2),
(18, '09123489152', 'آذربایجان غربی', 'تکس مورد نظ', '1200000', '1100000', 'همراه اول', '1', 'طلایی', 'رند', 'صفر', '', 1, 0, '2020-04-06 11:23:26', '2020-04-06 11:23:26', 2),
(19, '09125213049', 'آذربایجان غربی', 'تکس مورد نظ', '1200000', '1100000', 'همراه اول', '4', 'نقره ای', 'نیمه رند', 'صفر', '', 1, 0, '2020-04-06 11:23:26', '2020-04-06 11:23:26', 2),
(20, '09127351507', 'آذربایجان غربی', 'تکس مورد نظ', '1200000', '1100000', 'همراه اول', '4', 'نقره ای', 'معمولی', 'صفر', '', 1, 0, '2020-04-06 11:23:26', '2020-04-06 11:23:26', 2),
(21, '09127669494', 'آذربایجان غربی', 'تکس مورد نظ', '1200000', '1100000', 'همراه اول', '0', 'برنز', 'معمولی', 'تقریبا صفر', '', 1, 0, '2020-04-06 11:23:26', '2020-04-06 11:23:26', 3),
(22, '09127270179', 'آذربایجان غربی', 'تکس مورد نظ', '1200000', '1100000', 'همراه اول', '2', 'نقره ای', 'رند', 'تقریبا صفر', '', 1, 0, '2020-04-06 11:23:26', '2020-04-06 11:23:26', 3),
(23, '0912257612', 'آذربایجان غربی', 'تکس مورد نظ', '1200000', '1100000', 'همراه اول', '8', 'طلایی', 'رند', 'صفر', '', 1, 0, '2020-04-06 11:23:26', '2020-04-06 11:23:26', 3),
(24, '09128430671', 'آذربایجان غربی', 'تکس مورد نظ', '1200000', '1100000', 'همراه اول', '1', 'نقره ای', 'معمولی', 'کارکرده', '', 1, 0, '2020-04-06 11:23:26', '2020-04-06 11:23:26', 3),
(25, '09122477529', 'آذربایجان غربی', 'تکس مورد نظ', '1200000', '1100000', 'همراه اول', '9', 'نقره ای', 'نیمه رند', 'کارکرده', '', 1, 0, '2020-04-06 11:23:26', '2020-04-06 11:23:26', 3),
(26, '09123443683', 'آذربایجان غربی', 'تکس مورد نظ', '1200000', '1100000', 'همراه اول', '6', 'طلایی', 'معمولی', 'تقریبا صفر', '', 1, 0, '2020-04-06 11:23:26', '2020-04-06 11:23:26', 3),
(27, '09127956779', 'آذربایجان غربی', 'تکس مورد نظ', '1200000', '1100000', 'همراه اول', '6', 'طلایی', 'معمولی', 'تقریبا صفر', '', 1, 0, '2020-04-06 11:23:26', '2020-04-06 11:23:26', 3),
(28, '0912935092', 'آذربایجان غربی', 'تکس مورد نظ', '1200000', '1100000', 'همراه اول', '7', 'طلایی', 'معمولی', 'تقریبا صفر', '', 1, 0, '2020-04-06 11:23:26', '2020-04-06 11:23:26', 3),
(29, '09125243682', 'آذربایجان غربی', 'تکس مورد نظ', '1200000', '1100000', 'همراه اول', '6', 'نقره ای', 'نیمه رند', 'کارکرده', '', 1, 0, '2020-04-06 11:23:26', '2020-04-06 11:23:26', 3),
(30, '09127043134', 'آذربایجان غربی', 'تکس مورد نظ', '1200000', '1100000', 'همراه اول', '0', 'برنز', 'رند', 'کارکرده', '', 1, 0, '2020-04-06 11:23:26', '2020-04-06 11:23:26', 3),
(31, '09122544733', 'آذربایجان غربی', 'تکس مورد نظ', '1200000', '1100000', 'همراه اول', '4', 'نقره ای', 'معمولی', 'تقریبا صفر', '', 1, 0, '2020-04-06 11:23:26', '2020-04-06 11:23:26', 3),
(32, '09128908071', 'آذربایجان غربی', 'تکس مورد نظ', '1200000', '1100000', 'همراه اول', '5', 'برنز', 'نیمه رند', 'تقریبا صفر', '', 1, 0, '2020-04-06 11:23:26', '2020-04-06 11:23:26', 3),
(33, '0912958847', 'آذربایجان غربی', 'تکس مورد نظ', '1200000', '1100000', 'همراه اول', '7', 'طلایی', 'معمولی', 'تقریبا صفر', '', 1, 0, '2020-04-06 11:23:26', '2020-04-06 11:23:26', 3),
(34, '09123677993', 'آذربایجان غربی', 'تکس مورد نظ', '1200000', '1100000', 'همراه اول', '6', 'برنز', 'نیمه رند', 'تقریبا صفر', '', 1, 0, '2020-04-06 11:23:26', '2020-04-06 11:23:26', 3),
(35, '09129764494', 'آذربایجان غربی', 'تکس مورد نظ', '1200000', '1100000', 'همراه اول', '2', 'نقره ای', 'نیمه رند', 'کارکرده', '', 1, 0, '2020-04-06 11:23:26', '2020-04-06 11:23:26', 3),
(36, '09122497641', 'آذربایجان غربی', 'تکس مورد نظ', '1200000', '1100000', 'همراه اول', '5', 'نقره ای', 'معمولی', 'تقریبا صفر', '', 1, 0, '2020-04-06 11:23:27', '2020-04-06 11:23:27', 3),
(37, '09122868040', 'آذربایجان غربی', 'تکس مورد نظ', '1200000', '1100000', 'همراه اول', '7', 'طلایی', 'معمولی', 'کارکرده', '', 1, 0, '2020-04-06 11:23:27', '2020-04-06 11:23:27', 3),
(38, '09129990521', 'آذربایجان غربی', 'تکس مورد نظ', '1200000', '1100000', 'همراه اول', '4', 'برنز', 'رند', 'صفر', '', 1, 0, '2020-04-06 11:23:27', '2020-04-06 11:23:27', 3),
(39, '09122121293', 'آذربایجان غربی', 'تکس مورد نظ', '1200000', '1100000', 'همراه اول', '4', 'طلایی', 'معمولی', 'کارکرده', '', 1, 0, '2020-04-06 11:23:27', '2020-04-06 11:23:27', 3),
(40, '09127101154', 'آذربایجان غربی', 'تکس مورد نظ', '1200000', '1100000', 'همراه اول', '3', 'طلایی', 'معمولی', 'کارکرده', '', 1, 0, '2020-04-06 11:23:27', '2020-04-06 11:23:27', 3),
(41, '09127366586', 'آذربایجان غربی', 'تکس مورد نظ', '1200000', '1100000', 'همراه اول', '1', 'برنز', 'معمولی', 'صفر', '', 1, 0, '2020-04-06 11:23:27', '2020-04-06 11:23:27', 4),
(42, '09126865733', 'آذربایجان غربی', 'تکس مورد نظ', '1200000', '1100000', 'همراه اول', '3', 'نقره ای', 'معمولی', 'کارکرده', '', 1, 0, '2020-04-06 11:23:27', '2020-04-06 11:23:27', 4),
(43, '09121981433', 'آذربایجان غربی', 'تکس مورد نظ', '1200000', '1100000', 'همراه اول', '9', 'طلایی', 'معمولی', 'تقریبا صفر', '', 1, 0, '2020-04-06 11:23:27', '2020-04-06 11:23:27', 4),
(44, '09122124313', 'آذربایجان غربی', 'تکس مورد نظ', '1200000', '1100000', 'همراه اول', '3', 'برنز', 'رند', 'صفر', '', 1, 0, '2020-04-06 11:23:27', '2020-04-06 11:23:27', 4),
(45, '09129972441', 'آذربایجان غربی', 'تکس مورد نظ', '1200000', '1100000', 'همراه اول', '6', 'برنز', 'رند', 'تقریبا صفر', '', 1, 0, '2020-04-06 11:23:27', '2020-04-06 11:23:27', 4),
(46, '09128713036', 'آذربایجان غربی', 'تکس مورد نظ', '1200000', '1100000', 'همراه اول', '7', 'نقره ای', 'رند', 'تقریبا صفر', '', 1, 0, '2020-04-06 11:23:27', '2020-04-06 11:23:27', 4),
(47, '09129965400', 'آذربایجان غربی', 'تکس مورد نظ', '1200000', '1100000', 'همراه اول', '3', 'برنز', 'نیمه رند', 'کارکرده', '', 1, 0, '2020-04-06 11:23:27', '2020-04-06 11:23:27', 4),
(48, '09121248655', 'آذربایجان غربی', 'تکس مورد نظ', '1200000', '1100000', 'همراه اول', '3', 'نقره ای', 'معمولی', 'صفر', '', 1, 0, '2020-04-06 11:23:27', '2020-04-06 11:23:27', 4),
(49, '09128995831', 'آذربایجان غربی', 'تکس مورد نظ', '1200000', '1100000', 'همراه اول', '5', 'طلایی', 'نیمه رند', 'صفر', '', 1, 0, '2020-04-06 11:23:27', '2020-04-06 11:23:27', 4),
(50, '09122304302', 'آذربایجان غربی', 'تکس مورد نظ', '1200000', '1100000', 'همراه اول', '2', 'برنز', 'معمولی', 'کارکرده', '', 1, 0, '2020-04-06 11:23:27', '2020-04-06 11:23:27', 4),
(51, '09129160879', 'آذربایجان غربی', 'تکس مورد نظ', '1200000', '1100000', 'همراه اول', '7', 'برنز', 'رند', 'صفر', '', 1, 0, '2020-04-06 11:23:27', '2020-04-06 11:23:27', 4),
(52, '09129452250', 'آذربایجان غربی', 'تکس مورد نظ', '1200000', '1100000', 'همراه اول', '3', 'طلایی', 'نیمه رند', 'کارکرده', '', 1, 0, '2020-04-06 11:23:27', '2020-04-06 11:23:27', 4),
(53, '09126288099', 'آذربایجان غربی', 'تکس مورد نظ', '1200000', '1100000', 'همراه اول', '5', 'برنز', 'نیمه رند', 'تقریبا صفر', '', 1, 0, '2020-04-06 11:23:27', '2020-04-06 11:23:27', 4),
(54, '09124934671', 'آذربایجان غربی', 'تکس مورد نظ', '1200000', '1100000', 'همراه اول', '8', 'نقره ای', 'نیمه رند', 'کارکرده', '', 1, 0, '2020-04-06 11:23:27', '2020-04-06 11:23:27', 4),
(55, '09122824940', 'آذربایجان غربی', 'تکس مورد نظ', '1200000', '1100000', 'همراه اول', '5', 'نقره ای', 'معمولی', 'کارکرده', '', 1, 0, '2020-04-06 11:23:27', '2020-04-06 11:23:27', 4),
(56, '09125907429', 'آذربایجان غربی', 'تکس مورد نظ', '1200000', '1100000', 'همراه اول', '2', 'برنز', 'معمولی', 'صفر', '', 1, 0, '2020-04-06 11:23:27', '2020-04-06 11:23:27', 4),
(57, '0912768384', 'آذربایجان غربی', 'تکس مورد نظ', '1200000', '1100000', 'همراه اول', '9', 'نقره ای', 'معمولی', 'تقریبا صفر', '', 1, 0, '2020-04-06 11:23:28', '2020-04-06 11:23:28', 4),
(58, '0912835451', 'آذربایجان غربی', 'تکس مورد نظ', '1200000', '1100000', 'همراه اول', '4', 'طلایی', 'نیمه رند', 'صفر', '', 1, 0, '2020-04-06 11:23:28', '2020-04-06 11:23:28', 4),
(59, '09128365072', 'آذربایجان غربی', 'تکس مورد نظ', '1200000', '1100000', 'همراه اول', '0', 'برنز', 'معمولی', 'کارکرده', '', 1, 0, '2020-04-06 11:23:28', '2020-04-06 11:23:28', 4),
(60, '09129066464', 'آذربایجان غربی', 'تکس مورد نظ', '1200000', '1100000', 'همراه اول', '6', 'طلایی', 'نیمه رند', 'کارکرده', '', 1, 0, '2020-04-06 11:23:28', '2020-04-06 11:23:28', 4),
(61, '09122557466', 'آذربایجان غربی', 'تکس مورد نظ', '1200000', '1100000', 'همراه اول', '1', 'طلایی', 'رند', 'کارکرده', '', 1, 0, '2020-04-06 11:23:28', '2020-04-06 11:23:28', 5),
(62, '0912232597', 'آذربایجان غربی', 'تکس مورد نظ', '1200000', '1100000', 'همراه اول', '5', 'طلایی', 'معمولی', 'تقریبا صفر', '', 1, 0, '2020-04-06 11:23:28', '2020-04-06 11:23:28', 5),
(63, '09121664627', 'آذربایجان غربی', 'تکس مورد نظ', '1200000', '1100000', 'همراه اول', '6', 'نقره ای', 'معمولی', 'کارکرده', '', 1, 0, '2020-04-06 11:23:28', '2020-04-06 11:23:28', 5),
(64, '09123247006', 'آذربایجان غربی', 'تکس مورد نظ', '1200000', '1100000', 'همراه اول', '5', 'طلایی', 'نیمه رند', 'صفر', '', 1, 0, '2020-04-06 11:23:28', '2020-04-06 11:23:28', 5),
(65, '09122097019', 'آذربایجان غربی', 'تکس مورد نظ', '1200000', '1100000', 'همراه اول', '5', 'برنز', 'معمولی', 'کارکرده', '', 1, 0, '2020-04-06 11:23:28', '2020-04-06 11:23:28', 5),
(66, '09128064247', 'آذربایجان غربی', 'تکس مورد نظ', '1200000', '1100000', 'همراه اول', '6', 'طلایی', 'رند', 'کارکرده', '', 1, 0, '2020-04-06 11:23:28', '2020-04-06 11:23:28', 5),
(67, '0912239302', 'آذربایجان غربی', 'تکس مورد نظ', '1200000', '1100000', 'همراه اول', '9', 'برنز', 'نیمه رند', 'تقریبا صفر', '', 1, 0, '2020-04-06 11:23:28', '2020-04-06 11:23:28', 5),
(68, '09122920928', 'آذربایجان غربی', 'تکس مورد نظ', '1200000', '1100000', 'همراه اول', '0', 'طلایی', 'نیمه رند', 'کارکرده', '', 1, 0, '2020-04-06 11:23:28', '2020-04-06 11:23:28', 5),
(69, '09126641364', 'آذربایجان غربی', 'تکس مورد نظ', '1200000', '1100000', 'همراه اول', '6', 'طلایی', 'نیمه رند', 'تقریبا صفر', '', 1, 0, '2020-04-06 11:23:28', '2020-04-06 11:23:28', 5),
(70, '09122876062', 'آذربایجان غربی', 'تکس مورد نظ', '1200000', '1100000', 'همراه اول', '9', 'نقره ای', 'نیمه رند', 'کارکرده', '', 1, 0, '2020-04-06 11:23:28', '2020-04-06 11:23:28', 5),
(71, '0912267225', 'آذربایجان غربی', 'تکس مورد نظ', '1200000', '1100000', 'همراه اول', '6', 'برنز', 'نیمه رند', 'صفر', '', 1, 0, '2020-04-06 11:23:28', '2020-04-06 11:23:28', 5),
(72, '0912975962', 'آذربایجان غربی', 'تکس مورد نظ', '1200000', '1100000', 'همراه اول', '0', 'طلایی', 'نیمه رند', 'صفر', '', 1, 0, '2020-04-06 11:23:28', '2020-04-06 11:23:28', 5),
(73, '09124873779', 'آذربایجان غربی', 'تکس مورد نظ', '1200000', '1100000', 'همراه اول', '9', 'برنز', 'معمولی', 'صفر', '', 1, 0, '2020-04-06 11:23:28', '2020-04-06 11:23:28', 5),
(74, '09122782996', 'آذربایجان غربی', 'تکس مورد نظ', '1200000', '1100000', 'همراه اول', '8', 'برنز', 'نیمه رند', 'تقریبا صفر', '', 1, 0, '2020-04-06 11:23:28', '2020-04-06 11:23:28', 5),
(75, '0912152484', 'آذربایجان غربی', 'تکس مورد نظ', '1200000', '1100000', 'همراه اول', '3', 'طلایی', 'معمولی', 'تقریبا صفر', '', 1, 0, '2020-04-06 11:23:28', '2020-04-06 11:23:28', 5),
(76, '09122419212', 'آذربایجان غربی', 'تکس مورد نظ', '1200000', '1100000', 'همراه اول', '9', 'برنز', 'رند', 'صفر', '', 1, 0, '2020-04-06 11:23:28', '2020-04-06 11:23:28', 5),
(77, '09121857874', 'آذربایجان غربی', 'تکس مورد نظ', '1200000', '1100000', 'همراه اول', '3', 'برنز', 'نیمه رند', 'تقریبا صفر', '', 1, 0, '2020-04-06 11:23:29', '2020-04-06 11:23:29', 5),
(78, '09128757858', 'آذربایجان غربی', 'تکس مورد نظ', '1200000', '1100000', 'همراه اول', '3', 'طلایی', 'رند', 'کارکرده', '', 1, 0, '2020-04-06 11:23:29', '2020-04-06 11:23:29', 5),
(79, '0912470861', 'آذربایجان غربی', 'تکس مورد نظ', '1200000', '1100000', 'همراه اول', '6', 'برنز', 'معمولی', 'کارکرده', '', 1, 0, '2020-04-06 11:23:29', '2020-04-06 11:23:29', 5),
(80, '09126948220', 'آذربایجان غربی', 'تکس مورد نظ', '1200000', '1100000', 'همراه اول', '8', 'طلایی', 'معمولی', 'صفر', '', 1, 0, '2020-04-06 11:23:29', '2020-04-06 11:23:29', 5),
(81, '09123909244', 'آذربایجان غربی', 'تکس مورد نظ', '1200000', '1100000', 'همراه اول', '1', 'برنز', 'معمولی', 'تقریبا صفر', '', 1, 0, '2020-04-06 11:23:29', '2020-04-06 11:23:29', 6),
(82, '09124632311', 'آذربایجان غربی', 'تکس مورد نظ', '1200000', '1100000', 'همراه اول', '8', 'طلایی', 'نیمه رند', 'تقریبا صفر', '', 1, 0, '2020-04-06 11:23:29', '2020-04-06 11:23:29', 6),
(83, '09123846084', 'آذربایجان غربی', 'تکس مورد نظ', '1200000', '1100000', 'همراه اول', '4', 'طلایی', 'رند', 'کارکرده', '', 1, 0, '2020-04-06 11:23:29', '2020-04-06 11:23:29', 6),
(84, '09125510882', 'آذربایجان غربی', 'تکس مورد نظ', '1200000', '1100000', 'همراه اول', '5', 'طلایی', 'نیمه رند', 'صفر', '', 1, 0, '2020-04-06 11:23:29', '2020-04-06 11:23:29', 6),
(85, '0912815792', 'آذربایجان غربی', 'تکس مورد نظ', '1200000', '1100000', 'همراه اول', '6', 'نقره ای', 'معمولی', 'کارکرده', '', 1, 0, '2020-04-06 11:23:29', '2020-04-06 11:23:29', 6),
(86, '09129378071', 'آذربایجان غربی', 'تکس مورد نظ', '1200000', '1100000', 'همراه اول', '1', 'طلایی', 'نیمه رند', 'صفر', '', 1, 0, '2020-04-06 11:23:29', '2020-04-06 11:23:29', 6),
(87, '09125052823', 'آذربایجان غربی', 'تکس مورد نظ', '1200000', '1100000', 'همراه اول', '6', 'نقره ای', 'نیمه رند', 'کارکرده', '', 1, 0, '2020-04-06 11:23:29', '2020-04-06 11:23:29', 6),
(88, '09127746021', 'آذربایجان غربی', 'تکس مورد نظ', '1200000', '1100000', 'همراه اول', '8', 'نقره ای', 'معمولی', 'کارکرده', '', 1, 0, '2020-04-06 11:23:29', '2020-04-06 11:23:29', 6),
(89, '09122932600', 'آذربایجان غربی', 'تکس مورد نظ', '1200000', '1100000', 'همراه اول', '0', 'برنز', 'رند', 'تقریبا صفر', '', 1, 0, '2020-04-06 11:23:29', '2020-04-06 11:23:29', 6),
(90, '0912859753', 'آذربایجان غربی', 'تکس مورد نظ', '1200000', '1100000', 'همراه اول', '8', 'نقره ای', 'نیمه رند', 'صفر', '', 1, 0, '2020-04-06 11:23:29', '2020-04-06 11:23:29', 6),
(91, '09123239087', 'آذربایجان غربی', 'تکس مورد نظ', '1200000', '1100000', 'همراه اول', '8', 'نقره ای', 'معمولی', 'کارکرده', '', 1, 0, '2020-04-06 11:23:29', '2020-04-06 11:23:29', 6),
(92, '09123448149', 'آذربایجان غربی', 'تکس مورد نظ', '1200000', '1100000', 'همراه اول', '1', 'طلایی', 'رند', 'تقریبا صفر', '', 1, 0, '2020-04-06 11:23:29', '2020-04-06 11:23:29', 6),
(93, '09127418378', 'آذربایجان غربی', 'تکس مورد نظ', '1200000', '1100000', 'همراه اول', '1', 'نقره ای', 'رند', 'کارکرده', '', 1, 0, '2020-04-06 11:23:29', '2020-04-06 11:23:29', 6),
(94, '09129773229', 'آذربایجان غربی', 'تکس مورد نظ', '1200000', '1100000', 'همراه اول', '6', 'برنز', 'نیمه رند', 'تقریبا صفر', '', 1, 0, '2020-04-06 11:23:29', '2020-04-06 11:23:29', 6),
(95, '09128838367', 'آذربایجان غربی', 'تکس مورد نظ', '1200000', '1100000', 'همراه اول', '2', 'طلایی', 'معمولی', 'کارکرده', '', 1, 0, '2020-04-06 11:23:29', '2020-04-06 11:23:29', 6),
(96, '09122247708', 'آذربایجان غربی', 'تکس مورد نظ', '1200000', '1100000', 'همراه اول', '6', 'برنز', 'رند', 'صفر', '', 1, 0, '2020-04-06 11:23:29', '2020-04-06 11:23:29', 6),
(97, '09121706508', 'آذربایجان غربی', 'تکس مورد نظ', '1200000', '1100000', 'همراه اول', '5', 'برنز', 'معمولی', 'تقریبا صفر', '', 1, 0, '2020-04-06 11:23:30', '2020-04-06 11:23:30', 6),
(98, '09125567496', 'آذربایجان غربی', 'تکس مورد نظ', '1200000', '1100000', 'همراه اول', '7', 'نقره ای', 'معمولی', 'کارکرده', '', 1, 0, '2020-04-06 11:23:30', '2020-04-06 11:23:30', 6),
(99, '09125864281', 'آذربایجان غربی', 'تکس مورد نظ', '1200000', '1100000', 'همراه اول', '8', 'برنز', 'معمولی', 'تقریبا صفر', '', 1, 0, '2020-04-06 11:23:30', '2020-04-06 11:23:30', 6),
(100, '09128762558', 'آذربایجان غربی', 'تکس مورد نظ', '1200000', '1100000', 'همراه اول', '7', 'نقره ای', 'رند', 'صفر', '', 1, 0, '2020-04-06 11:23:30', '2020-04-06 11:23:30', 6),
(101, '09126709027', 'آذربایجان غربی', 'تکس مورد نظ', '1200000', '1100000', 'همراه اول', '5', 'نقره ای', 'رند', 'صفر', '', 1, 0, '2020-04-06 11:23:30', '2020-04-06 11:23:30', 7),
(102, '09123829992', 'آذربایجان غربی', 'تکس مورد نظ', '1200000', '1100000', 'همراه اول', '3', 'برنز', 'نیمه رند', 'کارکرده', '', 1, 0, '2020-04-06 11:23:30', '2020-04-06 11:23:30', 7),
(103, '09122994265', 'آذربایجان غربی', 'تکس مورد نظ', '1200000', '1100000', 'همراه اول', '4', 'طلایی', 'نیمه رند', 'صفر', '', 1, 0, '2020-04-06 11:23:30', '2020-04-06 11:23:30', 7),
(104, '09128671130', 'آذربایجان غربی', 'تکس مورد نظ', '1200000', '1100000', 'همراه اول', '2', 'نقره ای', 'رند', 'تقریبا صفر', '', 1, 0, '2020-04-06 11:23:30', '2020-04-06 11:23:30', 7),
(105, '0912727038', 'آذربایجان غربی', 'تکس مورد نظ', '1200000', '1100000', 'همراه اول', '3', 'برنز', 'رند', 'تقریبا صفر', '', 1, 0, '2020-04-06 11:23:30', '2020-04-06 11:23:30', 7),
(106, '09123335189', 'آذربایجان غربی', 'تکس مورد نظ', '1200000', '1100000', 'همراه اول', '2', 'برنز', 'رند', 'صفر', '', 1, 0, '2020-04-06 11:23:30', '2020-04-06 11:23:30', 7),
(107, '09122682993', 'آذربایجان غربی', 'تکس مورد نظ', '1200000', '1100000', 'همراه اول', '5', 'طلایی', 'نیمه رند', 'کارکرده', '', 1, 0, '2020-04-06 11:23:30', '2020-04-06 11:23:30', 7),
(108, '0912593255', 'آذربایجان غربی', 'تکس مورد نظ', '1200000', '1100000', 'همراه اول', '7', 'نقره ای', 'رند', 'کارکرده', '', 1, 0, '2020-04-06 11:23:30', '2020-04-06 11:23:30', 7),
(109, '09122023617', 'آذربایجان غربی', 'تکس مورد نظ', '1200000', '1100000', 'همراه اول', '7', 'نقره ای', 'رند', 'کارکرده', '', 1, 0, '2020-04-06 11:23:30', '2020-04-06 11:23:30', 7),
(110, '09122619064', 'آذربایجان غربی', 'تکس مورد نظ', '1200000', '1100000', 'همراه اول', '7', 'برنز', 'نیمه رند', 'صفر', '', 1, 0, '2020-04-06 11:23:30', '2020-04-06 11:23:30', 7),
(111, '09125215744', 'آذربایجان غربی', 'تکس مورد نظ', '1200000', '1100000', 'همراه اول', '8', 'نقره ای', 'معمولی', 'تقریبا صفر', '', 1, 0, '2020-04-06 11:23:31', '2020-04-06 11:23:31', 7),
(112, '09123265162', 'آذربایجان غربی', 'تکس مورد نظ', '1200000', '1100000', 'همراه اول', '1', 'برنز', 'معمولی', 'کارکرده', '', 1, 0, '2020-04-06 11:23:31', '2020-04-06 11:23:31', 7),
(113, '09121737670', 'آذربایجان غربی', 'تکس مورد نظ', '1200000', '1100000', 'همراه اول', '1', 'طلایی', 'معمولی', 'کارکرده', '', 1, 0, '2020-04-06 11:23:31', '2020-04-06 11:23:31', 7),
(114, '09124021113', 'آذربایجان غربی', 'تکس مورد نظ', '1200000', '1100000', 'همراه اول', '2', 'برنز', 'معمولی', 'کارکرده', '', 1, 0, '2020-04-06 11:23:31', '2020-04-06 11:23:31', 7),
(115, '09124057092', 'آذربایجان غربی', 'تکس مورد نظ', '1200000', '1100000', 'همراه اول', '1', 'نقره ای', 'معمولی', 'کارکرده', '', 1, 0, '2020-04-06 11:23:31', '2020-04-06 11:23:31', 7),
(116, '09124911025', 'آذربایجان غربی', 'تکس مورد نظ', '1200000', '1100000', 'همراه اول', '7', 'طلایی', 'نیمه رند', 'کارکرده', '', 1, 0, '2020-04-06 11:23:31', '2020-04-06 11:23:31', 7),
(117, '09123386481', 'آذربایجان غربی', 'تکس مورد نظ', '1200000', '1100000', 'همراه اول', '8', 'برنز', 'نیمه رند', 'صفر', '', 1, 0, '2020-04-06 11:23:31', '2020-04-06 11:23:31', 7),
(118, '0912156961', 'آذربایجان غربی', 'تکس مورد نظ', '1200000', '1100000', 'همراه اول', '5', 'برنز', 'معمولی', 'تقریبا صفر', '', 1, 0, '2020-04-06 11:23:31', '2020-04-06 11:23:31', 7),
(119, '091273608', 'آذربایجان غربی', 'تکس مورد نظ', '1200000', '1100000', 'همراه اول', '2', 'برنز', 'نیمه رند', 'کارکرده', '', 1, 0, '2020-04-06 11:23:31', '2020-04-06 11:23:31', 7),
(120, '09126215021', 'آذربایجان غربی', 'تکس مورد نظ', '1200000', '1100000', 'همراه اول', '3', 'برنز', 'رند', 'تقریبا صفر', '', 1, 0, '2020-04-06 11:23:31', '2020-04-06 11:23:31', 7),
(121, '09124390440', 'آذربایجان غربی', 'تکس مورد نظ', '1200000', '1100000', 'همراه اول', '3', 'نقره ای', 'معمولی', 'کارکرده', '', 1, 0, '2020-04-06 11:23:31', '2020-04-06 11:23:31', 8),
(122, '09123123359', 'آذربایجان غربی', 'تکس مورد نظ', '1200000', '1100000', 'همراه اول', '7', 'برنز', 'نیمه رند', 'صفر', '', 1, 0, '2020-04-06 11:23:31', '2020-04-06 11:23:31', 8),
(123, '09128557452', 'آذربایجان غربی', 'تکس مورد نظ', '1200000', '1100000', 'همراه اول', '2', 'نقره ای', 'رند', 'تقریبا صفر', '', 1, 0, '2020-04-06 11:23:31', '2020-04-06 11:23:31', 8),
(124, '0912685658', 'آذربایجان غربی', 'تکس مورد نظ', '1200000', '1100000', 'همراه اول', '0', 'طلایی', 'رند', 'تقریبا صفر', '', 1, 0, '2020-04-06 11:23:32', '2020-04-06 11:23:32', 8),
(125, '09128399437', 'آذربایجان غربی', 'تکس مورد نظ', '1200000', '1100000', 'همراه اول', '7', 'برنز', 'نیمه رند', 'تقریبا صفر', '', 1, 0, '2020-04-06 11:23:32', '2020-04-06 11:23:32', 8),
(126, '09124568253', 'آذربایجان غربی', 'تکس مورد نظ', '1200000', '1100000', 'همراه اول', '1', 'نقره ای', 'رند', 'صفر', '', 1, 0, '2020-04-06 11:23:32', '2020-04-06 11:23:32', 8),
(127, '09121857740', 'آذربایجان غربی', 'تکس مورد نظ', '1200000', '1100000', 'همراه اول', '3', 'نقره ای', 'نیمه رند', 'صفر', '', 1, 0, '2020-04-06 11:23:32', '2020-04-06 11:23:32', 8),
(128, '0912750917', 'آذربایجان غربی', 'تکس مورد نظ', '1200000', '1100000', 'همراه اول', '5', 'طلایی', 'رند', 'صفر', '', 1, 0, '2020-04-06 11:23:32', '2020-04-06 11:23:32', 8),
(129, '09129606253', 'آذربایجان غربی', 'تکس مورد نظ', '1200000', '1100000', 'همراه اول', '2', 'برنز', 'معمولی', 'صفر', '', 1, 0, '2020-04-06 11:23:32', '2020-04-06 11:23:32', 8),
(130, '09121870350', 'آذربایجان غربی', 'تکس مورد نظ', '1200000', '1100000', 'همراه اول', '8', 'برنز', 'نیمه رند', 'صفر', '', 1, 0, '2020-04-06 11:23:32', '2020-04-06 11:23:32', 8),
(131, '09125815630', 'آذربایجان غربی', 'تکس مورد نظ', '1200000', '1100000', 'همراه اول', '6', 'طلایی', 'نیمه رند', 'تقریبا صفر', '', 1, 0, '2020-04-06 11:23:32', '2020-04-06 11:23:32', 8),
(132, '09126323677', 'آذربایجان غربی', 'تکس مورد نظ', '1200000', '1100000', 'همراه اول', '8', 'نقره ای', 'معمولی', 'تقریبا صفر', '', 1, 0, '2020-04-06 11:23:32', '2020-04-06 11:23:32', 8),
(133, '09128199444', 'آذربایجان غربی', 'تکس مورد نظ', '1200000', '1100000', 'همراه اول', '5', 'نقره ای', 'نیمه رند', 'صفر', '', 1, 0, '2020-04-06 11:23:32', '2020-04-06 11:23:32', 8),
(134, '09123628490', 'آذربایجان غربی', 'تکس مورد نظ', '1200000', '1100000', 'همراه اول', '8', 'برنز', 'نیمه رند', 'تقریبا صفر', '', 1, 0, '2020-04-06 11:23:32', '2020-04-06 11:23:32', 8),
(135, '09128829001', 'آذربایجان غربی', 'تکس مورد نظ', '1200000', '1100000', 'همراه اول', '7', 'طلایی', 'نیمه رند', 'کارکرده', '', 1, 0, '2020-04-06 11:23:32', '2020-04-06 11:23:32', 8),
(136, '09123366300', 'آذربایجان غربی', 'تکس مورد نظ', '1200000', '1100000', 'همراه اول', '6', 'طلایی', 'نیمه رند', 'تقریبا صفر', '', 1, 0, '2020-04-06 11:23:32', '2020-04-06 11:23:32', 8),
(137, '09125926888', 'آذربایجان غربی', 'تکس مورد نظ', '1200000', '1100000', 'همراه اول', '4', 'برنز', 'نیمه رند', 'تقریبا صفر', '', 1, 0, '2020-04-06 11:23:32', '2020-04-06 11:23:32', 8),
(138, '09129705469', 'آذربایجان غربی', 'تکس مورد نظ', '1200000', '1100000', 'همراه اول', '1', 'برنز', 'نیمه رند', 'تقریبا صفر', '', 1, 0, '2020-04-06 11:23:32', '2020-04-06 11:23:32', 8),
(139, '09125735896', 'آذربایجان غربی', 'تکس مورد نظ', '1200000', '1100000', 'همراه اول', '9', 'نقره ای', 'رند', 'کارکرده', '', 1, 0, '2020-04-06 11:23:32', '2020-04-06 11:23:32', 8),
(140, '09127484025', 'آذربایجان غربی', 'تکس مورد نظ', '1200000', '1100000', 'همراه اول', '1', 'طلایی', 'رند', 'صفر', '', 1, 0, '2020-04-06 11:23:32', '2020-04-06 11:23:32', 8),
(141, '09122488312', 'آذربایجان غربی', 'تکس مورد نظ', '1200000', '1100000', 'همراه اول', '3', 'نقره ای', 'معمولی', 'تقریبا صفر', '', 1, 0, '2020-04-06 11:23:32', '2020-04-06 11:23:32', 9),
(142, '09125212166', 'آذربایجان غربی', 'تکس مورد نظ', '1200000', '1100000', 'همراه اول', '1', 'طلایی', 'رند', 'کارکرده', '', 1, 0, '2020-04-06 11:23:32', '2020-04-06 11:23:32', 9),
(143, '09129610887', 'آذربایجان غربی', 'تکس مورد نظ', '1200000', '1100000', 'همراه اول', '1', 'برنز', 'رند', 'صفر', '', 1, 0, '2020-04-06 11:23:32', '2020-04-06 11:23:32', 9),
(144, '09126133336', 'آذربایجان غربی', 'تکس مورد نظ', '1200000', '1100000', 'همراه اول', '8', 'نقره ای', 'رند', 'کارکرده', '', 1, 0, '2020-04-06 11:23:32', '2020-04-06 11:23:32', 9),
(145, '09123348326', 'آذربایجان غربی', 'تکس مورد نظ', '1200000', '1100000', 'همراه اول', '8', 'طلایی', 'نیمه رند', 'تقریبا صفر', '', 1, 0, '2020-04-06 11:23:32', '2020-04-06 11:23:32', 9),
(146, '09127227221', 'آذربایجان غربی', 'تکس مورد نظ', '1200000', '1100000', 'همراه اول', '0', 'طلایی', 'نیمه رند', 'تقریبا صفر', '', 1, 0, '2020-04-06 11:23:32', '2020-04-06 11:23:32', 9),
(147, '09123706914', 'آذربایجان غربی', 'تکس مورد نظ', '1200000', '1100000', 'همراه اول', '5', 'طلایی', 'رند', 'کارکرده', '', 1, 0, '2020-04-06 11:23:33', '2020-04-06 11:23:33', 9),
(148, '09128699384', 'آذربایجان غربی', 'تکس مورد نظ', '1200000', '1100000', 'همراه اول', '1', 'طلایی', 'نیمه رند', 'صفر', '', 1, 0, '2020-04-06 11:23:33', '2020-04-06 11:23:33', 9),
(149, '09129917839', 'آذربایجان غربی', 'تکس مورد نظ', '1200000', '1100000', 'همراه اول', '5', 'برنز', 'معمولی', 'کارکرده', '', 1, 0, '2020-04-06 11:23:33', '2020-04-06 11:23:33', 9),
(150, '09129003590', 'آذربایجان غربی', 'تکس مورد نظ', '1200000', '1100000', 'همراه اول', '9', 'برنز', 'نیمه رند', 'صفر', '', 1, 0, '2020-04-06 11:23:33', '2020-04-06 11:23:33', 9),
(151, '09123833167', 'آذربایجان غربی', 'تکس مورد نظ', '1200000', '1100000', 'همراه اول', '1', 'برنز', 'نیمه رند', 'تقریبا صفر', '', 1, 0, '2020-04-06 11:23:33', '2020-04-06 11:23:33', 9),
(152, '0912992565', 'آذربایجان غربی', 'تکس مورد نظ', '1200000', '1100000', 'همراه اول', '3', 'برنز', 'نیمه رند', 'کارکرده', '', 1, 0, '2020-04-06 11:23:33', '2020-04-06 11:23:33', 9),
(153, '09125606366', 'آذربایجان غربی', 'تکس مورد نظ', '1200000', '1100000', 'همراه اول', '2', 'طلایی', 'نیمه رند', 'تقریبا صفر', '', 1, 0, '2020-04-06 11:23:33', '2020-04-06 11:23:33', 9),
(154, '09125063915', 'آذربایجان غربی', 'تکس مورد نظ', '1200000', '1100000', 'همراه اول', '3', 'برنز', 'رند', 'صفر', '', 1, 0, '2020-04-06 11:23:33', '2020-04-06 11:23:33', 9),
(155, '09124914576', 'آذربایجان غربی', 'تکس مورد نظ', '1200000', '1100000', 'همراه اول', '7', 'طلایی', 'معمولی', 'کارکرده', '', 1, 0, '2020-04-06 11:23:33', '2020-04-06 11:23:33', 9),
(156, '09126662564', 'آذربایجان غربی', 'تکس مورد نظ', '1200000', '1100000', 'همراه اول', '1', 'نقره ای', 'نیمه رند', 'تقریبا صفر', '', 1, 0, '2020-04-06 11:23:33', '2020-04-06 11:23:33', 9),
(157, '09125310941', 'آذربایجان غربی', 'تکس مورد نظ', '1200000', '1100000', 'همراه اول', '5', 'نقره ای', 'معمولی', 'تقریبا صفر', '', 1, 0, '2020-04-06 11:23:33', '2020-04-06 11:23:33', 9),
(158, '09125234200', 'آذربایجان غربی', 'تکس مورد نظ', '1200000', '1100000', 'همراه اول', '8', 'نقره ای', 'نیمه رند', 'کارکرده', '', 1, 0, '2020-04-06 11:23:33', '2020-04-06 11:23:33', 9),
(159, '09127531434', 'آذربایجان غربی', 'تکس مورد نظ', '1200000', '1100000', 'همراه اول', '3', 'طلایی', 'معمولی', 'صفر', '', 1, 0, '2020-04-06 11:23:33', '2020-04-06 11:23:33', 9),
(160, '09124585040', 'آذربایجان غربی', 'تکس مورد نظ', '1200000', '1100000', 'همراه اول', '4', 'طلایی', 'نیمه رند', 'کارکرده', '', 1, 0, '2020-04-06 11:23:33', '2020-04-06 11:23:33', 9),
(161, '09128607278', 'آذربایجان غربی', 'تکس مورد نظ', '1200000', '1100000', 'همراه اول', '9', 'نقره ای', 'معمولی', 'کارکرده', '', 1, 0, '2020-04-06 11:23:33', '2020-04-06 11:23:33', 10),
(162, '09121196596', 'آذربایجان غربی', 'تکس مورد نظ', '1200000', '1100000', 'همراه اول', '2', 'برنز', 'معمولی', 'صفر', '', 1, 0, '2020-04-06 11:23:33', '2020-04-06 11:23:33', 10),
(163, '09124135953', 'آذربایجان غربی', 'تکس مورد نظ', '1200000', '1100000', 'همراه اول', '2', 'طلایی', 'معمولی', 'کارکرده', '', 1, 0, '2020-04-06 11:23:33', '2020-04-06 11:23:33', 10),
(164, '09124748747', 'آذربایجان غربی', 'تکس مورد نظ', '1200000', '1100000', 'همراه اول', '2', 'طلایی', 'معمولی', 'کارکرده', '', 1, 0, '2020-04-06 11:23:33', '2020-04-06 11:23:33', 10),
(165, '091236931', 'آذربایجان غربی', 'تکس مورد نظ', '1200000', '1100000', 'همراه اول', '4', 'نقره ای', 'نیمه رند', 'تقریبا صفر', '', 1, 0, '2020-04-06 11:23:33', '2020-04-06 11:23:33', 10),
(166, '09126679851', 'آذربایجان غربی', 'تکس مورد نظ', '1200000', '1100000', 'همراه اول', '8', 'طلایی', 'رند', 'صفر', '', 1, 0, '2020-04-06 11:23:33', '2020-04-06 11:23:33', 10),
(167, '09125151205', 'آذربایجان غربی', 'تکس مورد نظ', '1200000', '1100000', 'همراه اول', '7', 'نقره ای', 'معمولی', 'صفر', '', 1, 0, '2020-04-06 11:23:33', '2020-04-06 11:23:33', 10),
(168, '09126717542', 'آذربایجان غربی', 'تکس مورد نظ', '1200000', '1100000', 'همراه اول', '7', 'نقره ای', 'رند', 'تقریبا صفر', '', 1, 0, '2020-04-06 11:23:33', '2020-04-06 11:23:33', 10),
(169, '0912144207', 'آذربایجان غربی', 'تکس مورد نظ', '1200000', '1100000', 'همراه اول', '6', 'نقره ای', 'رند', 'صفر', '', 1, 0, '2020-04-06 11:23:33', '2020-04-06 11:23:33', 10),
(170, '09129799190', 'آذربایجان غربی', 'تکس مورد نظ', '1200000', '1100000', 'همراه اول', '2', 'برنز', 'رند', 'صفر', 'فوری', 1, 0, '2020-04-06 11:23:34', '2020-04-06 11:31:00', 10),
(171, '09123903332', 'آذربایجان غربی', 'تکس مورد نظ', '1200000', '1100000', 'همراه اول', '8', 'برنز', 'معمولی', 'کارکرده', 'فوری', 1, 0, '2020-04-06 11:23:34', '2020-04-06 11:31:02', 10),
(172, '09127776663', 'آذربایجان غربی', 'تکس مورد نظ', '1200000', '1100000', 'همراه اول', '1', 'نقره ای', 'رند', 'کارکرده', 'فوری', 1, 0, '2020-04-06 11:23:34', '2020-04-06 11:31:03', 10),
(173, '09125409492', 'آذربایجان غربی', 'تکس مورد نظ', '1200000', '1100000', 'همراه اول', '7', 'طلایی', 'معمولی', 'کارکرده', 'فوری', 1, 0, '2020-04-06 11:23:34', '2020-04-06 11:31:06', 10),
(174, '09122904404', 'آذربایجان غربی', 'تکس مورد نظ', '1200000', '1100000', 'همراه اول', '2', 'برنز', 'معمولی', 'کارکرده', '', 1, 0, '2020-04-06 11:23:34', '2020-04-06 11:23:34', 10),
(175, '09127715006', 'آذربایجان غربی', 'تکس مورد نظ', '1200000', '1100000', 'همراه اول', '4', 'طلایی', 'معمولی', 'کارکرده', '', 1, 0, '2020-04-06 11:23:34', '2020-04-06 11:23:34', 10),
(176, '09122754294', 'آذربایجان غربی', 'تکس مورد نظ', '1200000', '1100000', 'همراه اول', '8', 'نقره ای', 'نیمه رند', 'تقریبا صفر', '', 1, 0, '2020-04-06 11:23:34', '2020-04-06 11:23:34', 10),
(177, '09128208487', 'آذربایجان غربی', 'تکس مورد نظ', '1200000', '1100000', 'همراه اول', '2', 'طلایی', 'نیمه رند', 'صفر', '', 1, 0, '2020-04-06 11:23:34', '2020-04-06 11:23:34', 10),
(178, '09121342877', 'آذربایجان غربی', 'تکس مورد نظ', '1200000', '1100000', 'همراه اول', '3', 'طلایی', 'نیمه رند', 'کارکرده', '', 1, 0, '2020-04-06 11:23:34', '2020-04-06 11:23:34', 10),
(179, '09128469160', 'آذربایجان غربی', 'تکس مورد نظ', '1200000', '1100000', 'همراه اول', '4', 'برنز', 'نیمه رند', 'کارکرده', '', 1, 0, '2020-04-06 11:23:34', '2020-04-06 11:23:34', 10),
(180, '09128995009', 'آذربایجان غربی', 'تکس مورد نظ', '1200000', '1100000', 'همراه اول', '3', 'طلایی', 'نیمه رند', 'کارکرده', '', 1, 0, '2020-04-06 11:23:34', '2020-04-06 11:23:34', 10),
(181, '09127065239', 'آذربایجان غربی', 'تکس مورد نظ', '1200000', '1100000', 'همراه اول', '9', 'برنز', 'رند', 'صفر', '', 1, 0, '2020-04-06 11:23:34', '2020-04-06 11:23:34', 11),
(182, '09126357032', 'آذربایجان غربی', 'تکس مورد نظ', '1200000', '1100000', 'همراه اول', '1', 'طلایی', 'نیمه رند', 'کارکرده', '', 1, 0, '2020-04-06 11:23:34', '2020-04-06 11:23:34', 11),
(183, '09128923562', 'آذربایجان غربی', 'تکس مورد نظ', '1200000', '1100000', 'همراه اول', '3', 'طلایی', 'رند', 'تقریبا صفر', '', 1, 0, '2020-04-06 11:23:34', '2020-04-06 11:23:34', 11),
(184, '09127659429', 'آذربایجان غربی', 'تکس مورد نظ', '1200000', '1100000', 'همراه اول', '3', 'طلایی', 'معمولی', 'صفر', '', 1, 0, '2020-04-06 11:23:34', '2020-04-06 11:23:34', 11),
(185, '09127515903', 'آذربایجان غربی', 'تکس مورد نظ', '1200000', '1100000', 'همراه اول', '0', 'نقره ای', 'نیمه رند', 'صفر', '', 1, 0, '2020-04-06 11:23:34', '2020-04-06 11:23:34', 11),
(186, '0912118335', 'آذربایجان غربی', 'تکس مورد نظ', '1200000', '1100000', 'همراه اول', '0', 'نقره ای', 'رند', 'تقریبا صفر', '', 1, 0, '2020-04-06 11:23:34', '2020-04-06 11:23:34', 11),
(187, '09127462173', 'آذربایجان غربی', 'تکس مورد نظ', '1200000', '1100000', 'همراه اول', '8', 'برنز', 'معمولی', 'کارکرده', '', 1, 0, '2020-04-06 11:23:34', '2020-04-06 11:23:34', 11),
(188, '09127154629', 'آذربایجان غربی', 'تکس مورد نظ', '1200000', '1100000', 'همراه اول', '0', 'برنز', 'رند', 'کارکرده', '', 1, 0, '2020-04-06 11:23:34', '2020-04-06 11:23:34', 11),
(189, '09124662788', 'آذربایجان غربی', 'تکس مورد نظ', '1200000', '1100000', 'همراه اول', '7', 'طلایی', 'رند', 'تقریبا صفر', '', 1, 0, '2020-04-06 11:23:34', '2020-04-06 11:23:34', 11),
(190, '09124766260', 'آذربایجان غربی', 'تکس مورد نظ', '1200000', '1100000', 'همراه اول', '3', 'برنز', 'نیمه رند', 'کارکرده', '', 1, 0, '2020-04-06 11:23:34', '2020-04-06 11:23:34', 11),
(191, '09128666478', 'آذربایجان غربی', 'تکس مورد نظ', '1200000', '1100000', 'همراه اول', '7', 'طلایی', 'رند', 'صفر', '', 1, 0, '2020-04-06 11:23:34', '2020-04-06 11:23:34', 11),
(192, '09125184414', 'آذربایجان غربی', 'تکس مورد نظ', '1200000', '1100000', 'همراه اول', '6', 'نقره ای', 'معمولی', 'کارکرده', '', 1, 0, '2020-04-06 11:23:34', '2020-04-06 11:23:34', 11),
(193, '09125035899', 'آذربایجان غربی', 'تکس مورد نظ', '1200000', '1100000', 'همراه اول', '1', 'برنز', 'معمولی', 'کارکرده', 'فوری', 1, 0, '2020-04-06 11:23:35', '2020-04-06 11:30:45', 11),
(194, '09123821627', 'آذربایجان غربی', 'تکس مورد نظ', '1200000', '1100000', 'همراه اول', '7', 'طلایی', 'معمولی', 'کارکرده', 'فوری', 1, 0, '2020-04-06 11:23:35', '2020-04-06 11:30:48', 11),
(195, '09128862672', 'آذربایجان غربی', 'تکس مورد نظ', '1200000', '1100000', 'همراه اول', '2', 'نقره ای', 'رند', 'صفر', 'فوری', 1, 0, '2020-04-06 11:23:35', '2020-04-06 11:30:50', 11),
(196, '09124692558', 'آذربایجان غربی', 'تکس مورد نظ', '1200000', '1100000', 'همراه اول', '7', 'طلایی', 'رند', 'تقریبا صفر', 'فوری', 1, 0, '2020-04-06 11:23:35', '2020-04-06 11:30:51', 11),
(197, '0912653104', 'آذربایجان غربی', 'تکس مورد نظ', '1200000', '1100000', 'همراه اول', '2', 'طلایی', 'رند', 'صفر', 'فوری', 1, 0, '2020-04-06 11:23:35', '2020-04-06 11:30:54', 11),
(198, '09125441213', 'آذربایجان غربی', 'تکس مورد نظ', '1200000', '1100000', 'همراه اول', '6', 'برنز', 'معمولی', 'تقریبا صفر', 'فوری', 1, 0, '2020-04-06 11:23:35', '2020-04-06 11:30:55', 11),
(199, '09126591025', 'آذربایجان غربی', 'تکس مورد نظ', '1200000', '1100000', 'همراه اول', '1', 'برنز', 'نیمه رند', 'صفر', 'فوری', 1, 0, '2020-04-06 11:23:35', '2020-04-06 11:30:57', 11),
(200, '09128672734', 'آذربایجان غربی', 'تکس مورد نظ', '1200000', '1100000', 'همراه اول', '9', 'طلایی', 'رند', 'صفر', 'فوری', 1, 0, '2020-04-06 11:23:35', '2020-04-06 11:30:58', 11),
(201, '09127437637', 'اصفهان', 'wrwrwrw r wrh whr wjr wjh rjw rjw rhjw rhj rwwjh rjw rjwr wjhr whjr wj', '8786324', '128375', 'همراه اول', '7', 'طلایی', 'نیمه رند', 'تقریبا صفر', 'فوری', 0, 0, '2020-04-06 11:40:49', '2020-04-06 12:12:50', 15),
(202, '09129646464', 'اصفهان', 'dfvdfgj  sdvjh sjvh sjhv jsh dvjhsd vjhhd svj sjdv sjdv', '128644', '123535354', 'همراه اول', '9', 'طلایی', 'نیمه رند', 'تقریبا صفر', 'فوری', 1, 0, '2020-04-06 11:44:25', '2020-04-06 13:57:34', 15),
(203, '09125664646', 'اردبیل', 'hh daj vcj ajv jhdv jhsd vj qefh qwjf qwjf qwjf wqfwq', '12646416', '12000', 'همراه اول', '5', 'طلایی', 'نیمه رند', 'صفر', 'فوری', 1, 1, '2020-04-06 11:45:34', '2020-04-06 13:57:31', 15),
(204, '09124646464', 'البرز', 'ha sfha sfh asfh asjf sjf jas fja sfjsa fjha sf asjhf ashf jhas fjhas', '120000', '12000', 'همراه اول', '4', 'طلایی', 'نیمه رند', 'تقریبا صفر', 'فوری', 1, 1, '2020-04-06 11:47:33', '2020-04-06 13:45:03', 15),
(205, '09126416464', 'اردبیل', 'gdnbvdsjv sjd vjdk vsdh vjhsd vjhds vjhsd vhjd svjh dsvhjsd vjh sdjvkj', '1287538', '124648535', 'همراه اول', '6', 'طلایی', 'رند', 'تقریبا صفر', 'فوری', 0, 1, '2020-04-06 12:10:58', '2020-04-06 13:47:33', 15);

-- --------------------------------------------------------

--
-- Table structure for table `failed_jobs`
--

CREATE TABLE `failed_jobs` (
  `id` bigint(20) UNSIGNED NOT NULL,
  `connection` text COLLATE utf8mb4_unicode_ci NOT NULL,
  `queue` text COLLATE utf8mb4_unicode_ci NOT NULL,
  `payload` longtext COLLATE utf8mb4_unicode_ci NOT NULL,
  `exception` longtext COLLATE utf8mb4_unicode_ci NOT NULL,
  `failed_at` timestamp NOT NULL DEFAULT current_timestamp()
) ENGINE=InnoDB DEFAULT CHARSET=utf8mb4 COLLATE=utf8mb4_unicode_ci;

-- --------------------------------------------------------

--
-- Table structure for table `migrations`
--

CREATE TABLE `migrations` (
  `id` int(10) UNSIGNED NOT NULL,
  `migration` varchar(255) COLLATE utf8mb4_unicode_ci NOT NULL,
  `batch` int(11) NOT NULL
) ENGINE=InnoDB DEFAULT CHARSET=utf8mb4 COLLATE=utf8mb4_unicode_ci;

--
-- Dumping data for table `migrations`
--

INSERT INTO `migrations` (`id`, `migration`, `batch`) VALUES
(315, '2014_10_12_000000_create_users_table', 1),
(316, '2014_10_12_100000_create_password_resets_table', 1),
(317, '2019_08_19_000000_create_failed_jobs_table', 1),
(318, '2020_02_25_194209_create_advertisments_table', 1),
(319, '2020_02_26_130446_create_advertisers_table', 1),
(320, '2020_03_08_132440_create_vipadvertisers_table', 1);

-- --------------------------------------------------------

--
-- Table structure for table `password_resets`
--

CREATE TABLE `password_resets` (
  `email` varchar(255) COLLATE utf8mb4_unicode_ci NOT NULL,
  `token` varchar(255) COLLATE utf8mb4_unicode_ci NOT NULL,
  `created_at` timestamp NULL DEFAULT NULL
) ENGINE=InnoDB DEFAULT CHARSET=utf8mb4 COLLATE=utf8mb4_unicode_ci;

-- --------------------------------------------------------

--
-- Table structure for table `users`
--

CREATE TABLE `users` (
  `id` bigint(20) UNSIGNED NOT NULL,
  `name` varchar(255) COLLATE utf8mb4_unicode_ci NOT NULL,
  `phonenumber` varchar(255) COLLATE utf8mb4_unicode_ci NOT NULL,
  `phonenumber_verified_at` timestamp NULL DEFAULT NULL,
  `password` varchar(255) COLLATE utf8mb4_unicode_ci NOT NULL,
  `remember_token` varchar(100) COLLATE utf8mb4_unicode_ci DEFAULT NULL,
  `is_admin` tinyint(1) NOT NULL,
  `active` tinyint(1) NOT NULL,
  `created_at` timestamp NULL DEFAULT NULL,
  `updated_at` timestamp NULL DEFAULT NULL
) ENGINE=InnoDB DEFAULT CHARSET=utf8mb4 COLLATE=utf8mb4_unicode_ci;

--
-- Dumping data for table `users`
--

INSERT INTO `users` (`id`, `name`, `phonenumber`, `phonenumber_verified_at`, `password`, `remember_token`, `is_admin`, `active`, `created_at`, `updated_at`) VALUES
(2, 'Dr. Chyna Ziemann', '0935936359', NULL, '$2y$10$92IXUNpkjO0rOQ5byMi.Ye4oKoEa3Ro9llC/.og/at2.uheWG/igi', 'Z02xS99EYW', 0, 1, '2020-04-06 11:23:24', '2020-04-06 11:23:24'),
(3, 'Jakayla Torphy', '09359074564', NULL, '$2y$10$92IXUNpkjO0rOQ5byMi.Ye4oKoEa3Ro9llC/.og/at2.uheWG/igi', '4McnqbkXqv', 0, 1, '2020-04-06 11:23:24', '2020-04-06 11:23:24'),
(4, 'Rahsaan Kozey DVM', '09356596023', NULL, '$2y$10$92IXUNpkjO0rOQ5byMi.Ye4oKoEa3Ro9llC/.og/at2.uheWG/igi', 'iafoBxzNZL', 0, 1, '2020-04-06 11:23:24', '2020-04-06 11:23:24'),
(5, 'Prof. Josefa Romaguera V', '09352435740', NULL, '$2y$10$92IXUNpkjO0rOQ5byMi.Ye4oKoEa3Ro9llC/.og/at2.uheWG/igi', 'OripcE0IIs', 0, 1, '2020-04-06 11:23:24', '2020-04-06 11:23:24'),
(6, 'Mr. Mitchell Abernathy', '09353053154', NULL, '$2y$10$92IXUNpkjO0rOQ5byMi.Ye4oKoEa3Ro9llC/.og/at2.uheWG/igi', 'Y1dx7fEGcL', 0, 1, '2020-04-06 11:23:24', '2020-04-06 11:23:24'),
(7, 'Jarrod Walker', '09351404602', NULL, '$2y$10$92IXUNpkjO0rOQ5byMi.Ye4oKoEa3Ro9llC/.og/at2.uheWG/igi', '624yfeAsnO', 0, 1, '2020-04-06 11:23:24', '2020-04-06 11:23:24'),
(8, 'Yessenia Pollich', '09352143682', NULL, '$2y$10$92IXUNpkjO0rOQ5byMi.Ye4oKoEa3Ro9llC/.og/at2.uheWG/igi', '6KrPMlgYbv', 0, 1, '2020-04-06 11:23:24', '2020-04-06 11:23:24'),
(9, 'Roscoe Beier', '09355856442', NULL, '$2y$10$92IXUNpkjO0rOQ5byMi.Ye4oKoEa3Ro9llC/.og/at2.uheWG/igi', '3BCzeWAYlw', 0, 1, '2020-04-06 11:23:25', '2020-04-06 11:23:25'),
(10, 'Santos Macejkovic', '09351108278', NULL, '$2y$10$92IXUNpkjO0rOQ5byMi.Ye4oKoEa3Ro9llC/.og/at2.uheWG/igi', '9jIENcsdnY', 0, 1, '2020-04-06 11:23:25', '2020-04-06 11:23:25'),
(11, 'Paxton Hettinger', '09353654976', NULL, '$2y$10$92IXUNpkjO0rOQ5byMi.Ye4oKoEa3Ro9llC/.og/at2.uheWG/igi', 'GaSGfm4ZTG', 0, 1, '2020-04-06 11:23:25', '2020-04-06 11:23:25'),
(15, 'یببیلذ', '09127170126', NULL, '$2y$10$ftLcHJ7X15v/QmfBgvYaWex5O0EG92PF.fxmIwrHCjnq6ud4GYoj.', '98885', 1, 1, '2020-04-06 11:30:02', '2020-04-06 11:30:02');

-- --------------------------------------------------------

--
-- Table structure for table `vipadvertisers`
--

CREATE TABLE `vipadvertisers` (
  `id` bigint(20) UNSIGNED NOT NULL,
  `title` text COLLATE utf8mb4_unicode_ci NOT NULL,
  `advertisername` text COLLATE utf8mb4_unicode_ci NOT NULL,
  `text` text COLLATE utf8mb4_unicode_ci NOT NULL,
  `shopname` text COLLATE utf8mb4_unicode_ci NOT NULL,
  `phonenumbers` longtext CHARACTER SET utf8mb4 COLLATE utf8mb4_bin NOT NULL CHECK (json_valid(`phonenumbers`)),
  `contactnumber` longtext CHARACTER SET utf8mb4 COLLATE utf8mb4_bin NOT NULL CHECK (json_valid(`contactnumber`)),
  `created_at` timestamp NULL DEFAULT NULL,
  `updated_at` timestamp NULL DEFAULT NULL
) ENGINE=InnoDB DEFAULT CHARSET=utf8mb4 COLLATE=utf8mb4_unicode_ci;

--
-- Dumping data for table `vipadvertisers`
--

INSERT INTO `vipadvertisers` (`id`, `title`, `advertisername`, `text`, `shopname`, `phonenumbers`, `contactnumber`, `created_at`, `updated_at`) VALUES
(1, 'بهترین سیمکارتهای همراه اول', 'دکتر عباسی', 'همه نابغه‌اند اما اگر شما نبوغ یک ماهی را با توانایی‌اش ست که یک کودن تمام‌عیار است', 'سارینا', '[\"09121111111\",\"09122222222\",\"09123333333\",\"09124444444\",\"09125555555\",\"09126666666\",\"09127777777\"]', '[\"09129090909\",\"09127170125\"]', '2020-04-06 11:23:24', '2020-04-06 11:23:24');

--
-- Indexes for dumped tables
--

--
-- Indexes for table `advertisers`
--
ALTER TABLE `advertisers`
  ADD PRIMARY KEY (`id`);

--
-- Indexes for table `advertisments`
--
ALTER TABLE `advertisments`
  ADD PRIMARY KEY (`id`),
  ADD UNIQUE KEY `advertisments_phonenumber_unique` (`phonenumber`);

--
-- Indexes for table `failed_jobs`
--
ALTER TABLE `failed_jobs`
  ADD PRIMARY KEY (`id`);

--
-- Indexes for table `migrations`
--
ALTER TABLE `migrations`
  ADD PRIMARY KEY (`id`);

--
-- Indexes for table `password_resets`
--
ALTER TABLE `password_resets`
  ADD KEY `password_resets_email_index` (`email`);

--
-- Indexes for table `users`
--
ALTER TABLE `users`
  ADD PRIMARY KEY (`id`),
  ADD UNIQUE KEY `users_phonenumber_unique` (`phonenumber`);

--
-- Indexes for table `vipadvertisers`
--
ALTER TABLE `vipadvertisers`
  ADD PRIMARY KEY (`id`);

--
-- AUTO_INCREMENT for dumped tables
--

--
-- AUTO_INCREMENT for table `advertisers`
--
ALTER TABLE `advertisers`
  MODIFY `id` bigint(20) UNSIGNED NOT NULL AUTO_INCREMENT, AUTO_INCREMENT=11;

--
-- AUTO_INCREMENT for table `advertisments`
--
ALTER TABLE `advertisments`
  MODIFY `id` bigint(20) UNSIGNED NOT NULL AUTO_INCREMENT, AUTO_INCREMENT=206;

--
-- AUTO_INCREMENT for table `failed_jobs`
--
ALTER TABLE `failed_jobs`
  MODIFY `id` bigint(20) UNSIGNED NOT NULL AUTO_INCREMENT;

--
-- AUTO_INCREMENT for table `migrations`
--
ALTER TABLE `migrations`
  MODIFY `id` int(10) UNSIGNED NOT NULL AUTO_INCREMENT, AUTO_INCREMENT=321;

--
-- AUTO_INCREMENT for table `users`
--
ALTER TABLE `users`
  MODIFY `id` bigint(20) UNSIGNED NOT NULL AUTO_INCREMENT, AUTO_INCREMENT=16;

--
-- AUTO_INCREMENT for table `vipadvertisers`
--
ALTER TABLE `vipadvertisers`
  MODIFY `id` bigint(20) UNSIGNED NOT NULL AUTO_INCREMENT, AUTO_INCREMENT=2;
COMMIT;

/*!40101 SET CHARACTER_SET_CLIENT=@OLD_CHARACTER_SET_CLIENT */;
/*!40101 SET CHARACTER_SET_RESULTS=@OLD_CHARACTER_SET_RESULTS */;
/*!40101 SET COLLATION_CONNECTION=@OLD_COLLATION_CONNECTION */;
